story_id,area,feature,user_story,expected_behavior_from_code,source_evidence,test_approach,story_status,initial_test_status,initial_errors,fix_status,retest_status,notes,row_type,parent_story_id,parent_feature,gap_category,priority,user_role,user_impact,acceptance_criteria,implementation_status
CLI-GLOBAL-001,CLI,global help,"As a command-line user, I want `quick --help` or `quick -h` to show command guidance so I can discover the app without side effects.","The root command accepts help aliases and renders the command list/options, then exits successfully.",opencli.json:command.options.help; src/cli/commands.c; src/cli/help.c,Run `zig build run -- --help` and assert usage/options include documented commands.,documented,passed,,not-needed,not-needed,"Validated by `zig build test`, `zig build check`, `zig build -Denable-tui=false`, and `just test-all` (130 C/unit + 36 CLI contract tests passed).",covered,,,,,,,,
CLI-GLOBAL-002,CLI,global version,"As a command-line user, I want `quick --version` to print app version metadata so scripts and humans can identify the build.",The root command accepts `--version` and uses app metadata renderers without requiring a subcommand.,opencli.json:command.options.version; src/core/app_info.c; src/cli/style/cli_version_render.c,Run `zig build run -- --version` and compare version/name with app metadata.,documented,passed,,not-needed,not-needed,"Validated by `zig build test`, `zig build check`, `zig build -Denable-tui=false`, and `just test-all` (130 C/unit + 36 CLI contract tests passed).",covered,,,,,,,,
CLI-GLOBAL-003,CLI,output and verbosity flags,"As an operator or agent, I want `--json`, `--plain`, `--no-color`, `--debug`, `--verbose`, and `--quiet` to control output so automation gets stable data and humans get readable text.",Global flags are part of the OpenCLI contract and influence app config/output styling and logging.,opencli.json:command.options; src/cli/args.c; src/io/output.c; src/utils/logging.c,Run representative commands with each flag and assert output mode/logging behavior.,documented,passed,,not-needed,not-needed,"Validated by `zig build test`, `zig build check`, `zig build -Denable-tui=false`, and `just test-all` (130 C/unit + 36 CLI contract tests passed).",covered,,,,,,,,
CLI-GLOBAL-004,CLI,config path override,"As a user with multiple environments, I want `--config` or `QUICK_CONFIG_PATH` to select a profile config so commands operate on the intended host.",Global config option and env override load profile config from the requested path; missing default config is tolerated by profile loading.,opencli.json:command.options.config; src/cli/commands_openquick.c:quick_cmd_load_profiles; src/core/profile_config.c,Run commands with temp config via `--config`/`QUICK_CONFIG_PATH` and assert selected profile is used.,documented,passed,,not-needed,not-needed,"Validated by `zig build test`, `zig build check`, `zig build -Denable-tui=false`, and `just test-all` (130 C/unit + 36 CLI contract tests passed).",covered,,,,,,,,
CLI-INIT-001,CLI init,initialize current directory,"As a site creator, I want `quick init` to scaffold the current directory so I can start a static site in place.","When no path is supplied, init targets `.` and writes OpenQuick starter files if they do not already conflict.",README.md:CLI table; opencli.json:quick init; src/core/ops.c:quick_op_init,Run `quick init` in a temp empty directory and assert expected files exist.,documented,passed,,not-needed,not-needed,"Validated by `zig build test`, `zig build check`, `zig build -Denable-tui=false`, and `just test-all` (130 C/unit + 36 CLI contract tests passed). Validated by temp-root quickd admin smoke: prepare/activate, list, sites get/delete, domains add/list/remove, public on/off, releases verify, admin stats, mint-dev-token, doctor.",covered,,,,,,,,
CLI-INIT-002,CLI init,initialize named directory,"As a site creator, I want `quick init lunch-vote` to create a new folder so I can scaffold a named site quickly.","Init creates the named directory, normalizes the site name as a DNS label, and records it in quick.json/subdomain.",docs/design/WORKFLOW.md:quick init; src/core/ops.c:quick_op_init; src/core/site_config.c,Run `quick init lunch-vote` in a temp parent and inspect quick.json and file tree.,documented,passed,,not-needed,not-needed,"Validated by `zig build test`, `zig build check`, `zig build -Denable-tui=false`, and `just test-all` (130 C/unit + 36 CLI contract tests passed). Validated by temp-root quickd admin smoke: prepare/activate, list, sites get/delete, domains add/list/remove, public on/off, releases verify, admin stats, mint-dev-token, doctor.",covered,,,,,,,,
CLI-INIT-003,CLI init,blank template,"As a site creator, I want `--template blank` to create a minimal HTML site so I can customize from a small starting point.",Blank template writes static index.html that imports `/_quick/sdk.js` and calls identity defensively.,opencli.json:quick init.options.template; src/core/ops.c:quick_init_blank_html,Run `quick init --template blank demo` and assert index.html contains the blank starter.,documented,passed,,not-needed,not-needed,"Validated by `zig build test`, `zig build check`, `zig build -Denable-tui=false`, and `just test-all` (130 C/unit + 36 CLI contract tests passed). Validated by temp-root quickd admin smoke: prepare/activate, list, sites get/delete, domains add/list/remove, public on/off, releases verify, admin stats, mint-dev-token, doctor.",covered,,,,,,,,
CLI-INIT-004,CLI init,realtime template,"As a site creator, I want `--template realtime` to create a starter demonstrating realtime/identity SDK use.",Realtime template writes a starter page importing `/_quick/sdk.js` and rendering current identity.,opencli.json:quick init.examples; src/core/ops.c:quick_init_realtime_html,Run `quick init --template realtime demo` and inspect starter code.,documented,passed,,not-needed,not-needed,"Validated by `zig build test`, `zig build check`, `zig build -Denable-tui=false`, and `just test-all` (130 C/unit + 36 CLI contract tests passed). Validated by temp-root quickd admin smoke: prepare/activate, list, sites get/delete, domains add/list/remove, public on/off, releases verify, admin stats, mint-dev-token, doctor.",covered,,,,,,,,
CLI-INIT-005,CLI init,site name and profile overrides,"As a site creator, I want `--name` and `--profile` to write explicit metadata so deploy resolves to the desired host/site.","Init writes quick.json with provided name/profile/subdomain, after DNS-label/profile validation.",opencli.json:quick init.options.name/profile; src/core/ops.c:quick_init_write_quick_json,Run init with `--name` and `--profile`; parse quick.json.,documented,passed,,not-needed,not-needed,"Validated by `zig build test`, `zig build check`, `zig build -Denable-tui=false`, and `just test-all` (130 C/unit + 36 CLI contract tests passed). Validated by temp-root quickd admin smoke: prepare/activate, list, sites get/delete, domains add/list/remove, public on/off, releases verify, admin stats, mint-dev-token, doctor.",covered,,,,,,,,
CLI-INIT-006,CLI init,generated agent/API docs,"As an AI-assisted site editor, I want generated AGENTS.md and API docs so future edits follow OpenQuick constraints.","Init writes AGENTS.md, docs/openquick-api.md, .quickignore, quick.json, and index.html.",docs/design/WORKFLOW.md:Generated files; src/core/ops.c:quick_init_agents_md/quick_init_api_md,Run init and assert all documented generated files exist with expected guidance.,documented,passed,,not-needed,not-needed,"Validated by `zig build test`, `zig build check`, `zig build -Denable-tui=false`, and `just test-all` (130 C/unit + 36 CLI contract tests passed). Validated by temp-root quickd admin smoke: prepare/activate, list, sites get/delete, domains add/list/remove, public on/off, releases verify, admin stats, mint-dev-token, doctor.",covered,,,,,,,,
CLI-DEPLOY-001,CLI deploy,deployment target resolution,"As a deployer, I want `quick deploy` to resolve site, subdomain, output, and profile from flags/env/quick.json/config so it deploys the right folder.","Deploy plan applies deterministic precedence from CLI overrides, environment variables, site config, profile config, and defaults.",README.md:Target resolution; src/core/deploy_plan.c; src/core/site_config.c; src/core/profile_config.c,Use temp quick.json/profile/env combinations and inspect dry-run/plan output.,documented,passed,,not-needed,not-needed,"Validated by `zig build test`, `zig build check`, `zig build -Denable-tui=false`, and `just test-all` (130 C/unit + 36 CLI contract tests passed). Validated by rebuilt `docker build -t openquick:test .` plus `scripts/container-smoke.sh` (health, deploy/activate, static routing, capabilities, SDK, DB, uploads, path fallback, directory, quickd list, quick CLI, ZIP deploy, traversal/404). Validated by temp-root quickd admin smoke: prepare/activate, list, sites get/delete, domains add/list/remove, public on/off, releases verify, admin stats, mint-dev-token, doctor.",covered,,,,,,,,
CLI-DEPLOY-002,CLI deploy,optional build command,"As a deployer, I want configured build commands to run before transfer so generated assets are published.","Deploy executes quick.json build unless `--no-build` is passed, and fails in build phase on errors.",docs/design/WORKFLOW.md:quick deploy; src/core/ops.h:QUICK_DEPLOY_PHASE_BUILD; src/core/ops.c,"Create temp site with build script, run deploy dry/local harness, assert build execution or skip.",documented,passed,,not-needed,not-needed,"Validated by `zig build test`, `zig build check`, `zig build -Denable-tui=false`, and `just test-all` (130 C/unit + 36 CLI contract tests passed). Validated by rebuilt `docker build -t openquick:test .` plus `scripts/container-smoke.sh` (health, deploy/activate, static routing, capabilities, SDK, DB, uploads, path fallback, directory, quickd list, quick CLI, ZIP deploy, traversal/404). Validated by temp-root quickd admin smoke: prepare/activate, list, sites get/delete, domains add/list/remove, public on/off, releases verify, admin stats, mint-dev-token, doctor.",covered,,,,,,,,
CLI-DEPLOY-003,CLI deploy,dry run,"As a cautious deployer, I want `quick deploy --dry-run` to show the plan without mutating a host.",Dry run renders the resolved plan and avoids remote prepare/rsync/activate side effects.,opencli.json:quick deploy.options.dry-run; src/cli/commands_deploy.c; src/core/deploy_plan.c,Run dry-run against temp site/profile and assert no remote command runs.,documented,passed,,not-needed,not-needed,"Validated by `zig build test`, `zig build check`, `zig build -Denable-tui=false`, and `just test-all` (130 C/unit + 36 CLI contract tests passed). Validated by rebuilt `docker build -t openquick:test .` plus `scripts/container-smoke.sh` (health, deploy/activate, static routing, capabilities, SDK, DB, uploads, path fallback, directory, quickd list, quick CLI, ZIP deploy, traversal/404). Validated by temp-root quickd admin smoke: prepare/activate, list, sites get/delete, domains add/list/remove, public on/off, releases verify, admin stats, mint-dev-token, doctor.",covered,,,,,,,,
CLI-DEPLOY-004,CLI deploy,folder deploy via SSH and rsync,"As a deployer, I want a folder deploy to stage files over rsync and then atomically activate via quickd.","Deploy calls quickd prepare, mirrors files with rsync, calls quickd activate, and reports release/url/counts.",README.md:quickd host daemon deploy steps; src/core/ops.h deploy phases; src/core/ops.c,Use local fake ssh/rsync or integration host harness to verify prepare/transfer/activate sequence.,documented,passed,,not-needed,not-needed,"Validated by `zig build test`, `zig build check`, `zig build -Denable-tui=false`, and `just test-all` (130 C/unit + 36 CLI contract tests passed). Validated by rebuilt `docker build -t openquick:test .` plus `scripts/container-smoke.sh` (health, deploy/activate, static routing, capabilities, SDK, DB, uploads, path fallback, directory, quickd list, quick CLI, ZIP deploy, traversal/404). Validated by temp-root quickd admin smoke: prepare/activate, list, sites get/delete, domains add/list/remove, public on/off, releases verify, admin stats, mint-dev-token, doctor.",covered,,,,,,,,
CLI-DEPLOY-005,CLI deploy,ZIP deploy,"As a deployer, I want `quick deploy site.zip --site demo` to upload/extract a ZIP so prebuilt archives can be published.","Deploy recognizes ZIP path, stages it, invokes quickd extract-zip, then activates with extraction limits.",README.md:ZIP deploy surfaces; opencli.json:quick deploy.arguments; src/core/ops.h:zip_path; server/cmd/quickd/main.go:deploy extract-zip,Create ZIP fixture and run deploy against fake/local quickd extract path.,documented,passed,,not-needed,not-needed,"Validated by `zig build test`, `zig build check`, `zig build -Denable-tui=false`, and `just test-all` (130 C/unit + 36 CLI contract tests passed). Validated by rebuilt `docker build -t openquick:test .` plus `scripts/container-smoke.sh` (health, deploy/activate, static routing, capabilities, SDK, DB, uploads, path fallback, directory, quickd list, quick CLI, ZIP deploy, traversal/404). Validated by temp-root quickd admin smoke: prepare/activate, list, sites get/delete, domains add/list/remove, public on/off, releases verify, admin stats, mint-dev-token, doctor.",covered,,,,,,,,
CLI-DEPLOY-006,CLI deploy,transfer toggles,"As a deployer, I want `--no-delete` and `--checksum` to tune rsync so I can avoid deletions or force checksum comparisons.",Deploy options map to rsync behavior; `--no-delete` avoids mirror deletion and `--checksum` passes checksum mode.,opencli.json:quick deploy.options.no-delete/checksum; src/core/ops.h:quick_deploy_options_t; src/core/ops.c,Run deploy with fake rsync and assert argv contains/excludes expected flags.,documented,passed,,not-needed,not-needed,"Validated by `zig build test`, `zig build check`, `zig build -Denable-tui=false`, and `just test-all` (130 C/unit + 36 CLI contract tests passed). Validated by rebuilt `docker build -t openquick:test .` plus `scripts/container-smoke.sh` (health, deploy/activate, static routing, capabilities, SDK, DB, uploads, path fallback, directory, quickd list, quick CLI, ZIP deploy, traversal/404). Validated by temp-root quickd admin smoke: prepare/activate, list, sites get/delete, domains add/list/remove, public on/off, releases verify, admin stats, mint-dev-token, doctor.",covered,,,,,,,,
CLI-DEPLOY-007,CLI deploy,open after deploy,"As a deployer, I want `quick deploy --open` to open the deployed URL so I can inspect the result immediately.",Deploy command includes `--open`; successful result contains URL used by open behavior.,opencli.json:quick deploy.options.open; src/cli/commands_deploy.c; src/core/ops.h:quick_deploy_result_t.url,Run deploy with fake success/open command and assert URL open attempt/printed result.,documented,passed,,not-needed,not-needed,"Validated by `zig build test`, `zig build check`, `zig build -Denable-tui=false`, and `just test-all` (130 C/unit + 36 CLI contract tests passed). Validated by rebuilt `docker build -t openquick:test .` plus `scripts/container-smoke.sh` (health, deploy/activate, static routing, capabilities, SDK, DB, uploads, path fallback, directory, quickd list, quick CLI, ZIP deploy, traversal/404). Validated by temp-root quickd admin smoke: prepare/activate, list, sites get/delete, domains add/list/remove, public on/off, releases verify, admin stats, mint-dev-token, doctor.",covered,,,,,,,,
CLI-DEPLOY-008,CLI deploy,bootstrap assistance,"As a first-time operator, I want `--bootstrap` to produce install guidance when quickd is missing so I can set up the host.",Deploy result can mark bootstrap_missing and return bootstrap_install_command instead of failing opaquely.,opencli.json:quick deploy.options.bootstrap; src/core/ops.h:bootstrap_missing/bootstrap_install_command; src/cli/commands_deploy.c,Simulate missing quickd over SSH and assert install command remediation is displayed.,documented,passed,,not-needed,not-needed,"Validated by `zig build test`, `zig build check`, `zig build -Denable-tui=false`, and `just test-all` (130 C/unit + 36 CLI contract tests passed). Validated by rebuilt `docker build -t openquick:test .` plus `scripts/container-smoke.sh` (health, deploy/activate, static routing, capabilities, SDK, DB, uploads, path fallback, directory, quickd list, quick CLI, ZIP deploy, traversal/404). Validated by temp-root quickd admin smoke: prepare/activate, list, sites get/delete, domains add/list/remove, public on/off, releases verify, admin stats, mint-dev-token, doctor.",covered,,,,,,,,
CLI-DEPLOY-009,CLI deploy,publication guard,"As a deployer, I want deploy to warn/block when IAP/domain publication is incomplete unless I explicitly allow it.",Deploy result tracks publication_issue; CLI/TUI require `--allow-unpublished` or confirmation for incomplete publication.,opencli.json:quick deploy.options.allow-unpublished; src/core/ops.h:publication_issue; src/tui/tui_screen_deploy.c,Simulate host doctor/publication warning and assert deploy requires allow/confirmation.,documented,passed,,not-needed,not-needed,"Validated by `zig build test`, `zig build check`, `zig build -Denable-tui=false`, and `just test-all` (130 C/unit + 36 CLI contract tests passed). Validated by rebuilt `docker build -t openquick:test .` plus `scripts/container-smoke.sh` (health, deploy/activate, static routing, capabilities, SDK, DB, uploads, path fallback, directory, quickd list, quick CLI, ZIP deploy, traversal/404). Validated by temp-root quickd admin smoke: prepare/activate, list, sites get/delete, domains add/list/remove, public on/off, releases verify, admin stats, mint-dev-token, doctor.",covered,,,,,,,,
CLI-DEPLOY-010,CLI deploy,overwrite friction,"As a deployer, I want overwriting a site last deployed by someone else to require deliberate confirmation so accidental clobbers are reduced.",Deploy result reports last_deployer/last_release and can require exact-site typed confirmation unless `--yes`/confirmed.,README.md:Philosophy safety valve; opencli.json:quick deploy.options.yes; src/core/ops.h:overwrite_confirmation_required,Simulate last deployer mismatch and assert TTY prompt/exact name or `--yes` behavior.,documented,passed,,not-needed,not-needed,"Validated by `zig build test`, `zig build check`, `zig build -Denable-tui=false`, and `just test-all` (130 C/unit + 36 CLI contract tests passed). Validated by rebuilt `docker build -t openquick:test .` plus `scripts/container-smoke.sh` (health, deploy/activate, static routing, capabilities, SDK, DB, uploads, path fallback, directory, quickd list, quick CLI, ZIP deploy, traversal/404). Validated by temp-root quickd admin smoke: prepare/activate, list, sites get/delete, domains add/list/remove, public on/off, releases verify, admin stats, mint-dev-token, doctor.",covered,,,,,,,,
CLI-SERVE-001,CLI serve,local dev server,"As a site developer, I want `quick serve --dev` to run a loopback quickd over my local folder so I can preview a site.","Serve dev maps to quickd dev mode, default port 9366, local directory, and path fallback `http://localhost:9366/~/site/`.",README.md:Try it locally; opencli.json:quick serve.options.dev/port; src/cli/commands_serve.c; server/cmd/quickd/main.go:serveCmd,"Launch dev server in temp site, curl health/static path, then stop.",documented,passed,,not-needed,not-needed,"Validated by `zig build test`, `zig build check`, `zig build -Denable-tui=false`, and `just test-all` (130 C/unit + 36 CLI contract tests passed). Validated by live local `quick serve --dev --identity dev@example.test` smoke using built quickd and curl against health/site/identity.",covered,,,,,,,,
CLI-SERVE-002,CLI serve,synthetic dev identity,"As a local developer, I want `--identity dev@example.test` to expose a predictable identity in dev.",Dev quickd uses identity.NewAdapter with dev identity and returns it from `/_quick/identity`.,README.md:Try it locally; opencli.json:quick serve.options.identity; server/internal/identity/dev.go,Launch dev server with identity and assert `/_quick/identity` JSON.,documented,passed,,not-needed,not-needed,"Validated by `zig build test`, `zig build check`, `zig build -Denable-tui=false`, and `just test-all` (130 C/unit + 36 CLI contract tests passed). Validated by live local `quick serve --dev --identity dev@example.test` smoke using built quickd and curl against health/site/identity.",covered,,,,,,,,
CLI-SERVE-003,CLI serve,remote API proxy for local dev,"As a developer, I want local static files to proxy `/_quick/*` API calls to a deployed site so I can test against host data.","Dev proxy requires remote API origin/token, loopback listen, proxies quick paths except sdk.js, and uses X-Quick-Dev-Token.",README.md:Config-gated extras Dev remote-API proxy; server/cmd/quickd/main.go:remote-api; server/internal/static/static.go:remoteAPIEnabled/proxyRemoteAPI,Start dev with fake remote API and assert API paths proxy while sdk.js remains local.,documented,passed,,not-needed,not-needed,"Validated by `zig build test`, `zig build check`, `zig build -Denable-tui=false`, and `just test-all` (130 C/unit + 36 CLI contract tests passed). Validated by live local `quick serve --dev --identity dev@example.test` smoke using built quickd and curl against health/site/identity.",covered,,,,,,,,
CLI-SERVE-004,CLI serve,host install guide,"As an operator, I want `quick serve install` to print a host setup plan so I can install quickd intentionally.",Serve install gathers profile/host/root/domain/IAP options and prints local install commands unless `--execute` is passed.,README.md:Quickstart; opencli.json:quick serve.options.host/remote-root/domain/iap/execute; src/cli/commands_serve.c,Run install without execute and assert plan is printed and no SSH mutation occurs.,documented,passed,,not-needed,not-needed,"Validated by `zig build test`, `zig build check`, `zig build -Denable-tui=false`, and `just test-all` (130 C/unit + 36 CLI contract tests passed). Validated by live local `quick serve --dev --identity dev@example.test` smoke using built quickd and curl against health/site/identity.",covered,,,,,,,,
CLI-SERVE-005,CLI serve,execute host install,"As an operator, I want `quick serve install --execute` to copy/install quickd and write profile metadata so the host is ready.","Execute mode is intended to copy local quickd over SSH, configure service/root/edge assets, and update local profile.",README.md:Quickstart; install/systemd/openquick.service; src/cli/commands_serve.c,Use fake ssh/scp or disposable host to verify install commands and config output.,documented,passed,,not-needed,not-needed,"Validated by `zig build test`, `zig build check`, `zig build -Denable-tui=false`, and `just test-all` (130 C/unit + 36 CLI contract tests passed). Install plan and validation paths passed; live `--execute` against a real SSH/systemd host was not run in this local harness. | Additional fake-SSH smoke for `quick serve install --execute` passed: fake ssh/scp saw groupadd/scp/quickd doctor calls and the command wrote isolated profile config.",covered,,,,,,,,
CLI-SERVE-006,CLI serve,unsafe public listener guard,"As an operator, I want non-loopback `iap=none` to be rejected unless explicitly overridden so I do not expose anonymous sites by accident.",quickd ValidateServe rejects public anonymous/dev listener unless `--allow-public-unsafe` is passed.,README.md:IAP options; opencli.json:quick serve.options.allow-public-unsafe; server/internal/config/config.go:ValidateServe,"Run quickd/quick serve with public listen and no IAP; assert failure, then override behavior.",documented,passed,,not-needed,not-needed,"Validated by `zig build test`, `zig build check`, `zig build -Denable-tui=false`, and `just test-all` (130 C/unit + 36 CLI contract tests passed). Validated by live local `quick serve --dev --identity dev@example.test` smoke using built quickd and curl against health/site/identity.",covered,,,,,,,,
CLI-OPEN-001,CLI open,resolve site URL,"As a user, I want `quick open [site]` to resolve the deterministic URL for a site/profile so I can visit it.",Open command uses profile/site resolution and returns/opens URL from base domain or base URL/path fallback.,opencli.json:quick open; README.md:Sites normally resolve; src/cli/commands_open.c; src/core/deploy_plan.c,Run with temp profile and `--plain`; assert printed URL.,documented,passed,,not-needed,not-needed,"Validated by `zig build test`, `zig build check`, `zig build -Denable-tui=false`, and `just test-all` (130 C/unit + 36 CLI contract tests passed). Validated by temp-root quickd admin smoke: prepare/activate, list, sites get/delete, domains add/list/remove, public on/off, releases verify, admin stats, mint-dev-token, doctor.",covered,,,,,,,,
CLI-OPEN-002,CLI open,copy or plain URL,"As a script or keyboard user, I want `--plain` and `--copy` to print/copy only the URL so it can be pasted or consumed.",Open command exposes `--plain` and `--copy`; plain suppresses decoration and copy writes to clipboard when available.,opencli.json:quick open.options.copy/plain; src/cli/commands_open.c,Run plain and copy in environment with fake clipboard command; assert behavior.,documented,passed,,not-needed,not-needed,"Validated by `zig build test`, `zig build check`, `zig build -Denable-tui=false`, and `just test-all` (130 C/unit + 36 CLI contract tests passed). Validated by temp-root quickd admin smoke: prepare/activate, list, sites get/delete, domains add/list/remove, public on/off, releases verify, admin stats, mint-dev-token, doctor.",covered,,,,,,,,
CLI-LIST-001,CLI list,local site records,"As a user, I want `quick list` to show locally known deployments so I can see sites without contacting a host.",List op reads local deployment records and marks source/staleness details.,opencli.json:quick list; src/core/ops.h:quick_list_result_t; src/cli/commands_list.c,Seed local state and run list/json; assert rows.,documented,failed,"`zig build test` failed in CLI contract case ""OpenQuick init/deploy/open/list/doctor contracts"": `quick list --json` read the developer machine default OpenQuick profile/local deployment and returned nebula-lifecycle instead of the isolated expected empty list.",fixed,passed,"Fixed test isolation by giving the workflow contract case a temp XDG_CONFIG_HOME for init/deploy/open/list/doctor invocations; `zig build test` now passes (130 unit + 36 CLI contract tests). | Final retest evidence: `just test-all`, `zig build terminal-test`, Docker build, and container smoke passed after the isolation fix.",covered,,,,,,,,
CLI-LIST-002,CLI list,remote site records,"As an operator, I want `quick list --remote` to ask quickd for host rows so I can inspect actual deployed sites.",List with remote profile calls quickd list and merges remote JSON records.,opencli.json:quick list.options.remote/json; src/core/ops.c:quick_op_list; server/cmd/quickd/main.go:listCmd,Run against fake/local quickd admin root; assert remote rows and JSON shape.,documented,passed,,not-needed,not-needed,"Validated by `zig build test`, `zig build check`, `zig build -Denable-tui=false`, and `just test-all` (130 C/unit + 36 CLI contract tests passed). Validated by temp-root quickd admin smoke: prepare/activate, list, sites get/delete, domains add/list/remove, public on/off, releases verify, admin stats, mint-dev-token, doctor. Validated by rebuilt `docker build -t openquick:test .` plus `scripts/container-smoke.sh` (health, deploy/activate, static routing, capabilities, SDK, DB, uploads, path fallback, directory, quickd list, quick CLI, ZIP deploy, traversal/404).",covered,,,,,,,,
CLI-INFO-001,CLI info,application metadata,"As a user, I want `quick info` to show product metadata so I can identify the CLI.","Info command displays app name, version, and related metadata.",opencli.json:quick info; src/cli/commands_info.c; src/core/app_info.c,Run `quick info` and assert metadata.,documented,passed,,not-needed,not-needed,"Validated by `zig build test`, `zig build check`, `zig build -Denable-tui=false`, and `just test-all` (130 C/unit + 36 CLI contract tests passed).",covered,,,,,,,,
CLI-DOCTOR-001,CLI doctor,local diagnostics,"As a user, I want `quick doctor` to validate local config/tools/site output so I can fix deploy blockers.",Doctor request/result includes grouped checks with status/detail/remediation and local checks.,opencli.json:quick doctor; src/core/ops.h:quick_doctor_*; src/cli/commands_doctor.c,Run doctor in temp site/config and assert checks and JSON envelope.,documented,passed,,not-needed,not-needed,"Validated by `zig build test`, `zig build check`, `zig build -Denable-tui=false`, and `just test-all` (130 C/unit + 36 CLI contract tests passed). Validated by temp-root quickd admin smoke: prepare/activate, list, sites get/delete, domains add/list/remove, public on/off, releases verify, admin stats, mint-dev-token, doctor.",covered,,,,,,,,
CLI-DOCTOR-002,CLI doctor,remote and deep diagnostics,"As an operator, I want `quick doctor --remote --deep` to include host checks and probes so I can find edge/IAP/deploy issues.",Doctor exposes remote/deep/profile/site flags and quickd doctor returns host/store/IAP/domain/AI/warehouse checks.,opencli.json:quick doctor.options.remote/deep; src/core/ops.c; server/cmd/quickd/main.go:doctorCmd,Run against local quickd root/fake SSH and assert remote/deep check coverage.,documented,passed,,not-needed,not-needed,"Validated by `zig build test`, `zig build check`, `zig build -Denable-tui=false`, and `just test-all` (130 C/unit + 36 CLI contract tests passed). Validated by temp-root quickd admin smoke: prepare/activate, list, sites get/delete, domains add/list/remove, public on/off, releases verify, admin stats, mint-dev-token, doctor.",covered,,,,,,,,
CLI-DELETE-001,CLI delete,remote site deletion confirmation,"As an operator, I want `quick delete SITE` to require confirmation before deleting remote site files/catalog rows.","Delete op retrieves site info, tracks confirmation_required, and quickd sites delete removes site.",opencli.json:quick delete; src/core/ops.h:quick_delete_request_t; server/cmd/quickd/main.go:sites delete,Run against disposable root with and without typed confirmation; assert deletion/failure.,documented,passed,,not-needed,not-needed,"Validated by `zig build test`, `zig build check`, `zig build -Denable-tui=false`, and `just test-all` (130 C/unit + 36 CLI contract tests passed). Validated by temp-root quickd admin smoke: prepare/activate, list, sites get/delete, domains add/list/remove, public on/off, releases verify, admin stats, mint-dev-token, doctor.",covered,,,,,,,,
CLI-DELETE-002,CLI delete,noninteractive delete JSON,"As an automation user, I want `quick delete SITE --yes --json` to delete deliberately and emit machine-readable status.",Delete command exposes `--yes` and `--json`; operation returns delete_json/deleted status.,opencli.json:quick delete.options.yes/json; src/cli/commands_openquick.c; src/core/ops.h,Run JSON delete in disposable root and assert structured output.,documented,passed,,not-needed,not-needed,"Validated by `zig build test`, `zig build check`, `zig build -Denable-tui=false`, and `just test-all` (130 C/unit + 36 CLI contract tests passed). Validated by temp-root quickd admin smoke: prepare/activate, list, sites get/delete, domains add/list/remove, public on/off, releases verify, admin stats, mint-dev-token, doctor.",covered,,,,,,,,
CLI-PUBLIC-001,CLI public,show public-static status,"As an operator, I want `quick public SITE` to show whether a site is public-static so I understand anonymous access.",Public op has status action and remote site info includes is_public/have_public.,opencli.json:quick public; src/core/ops.h:quick_public_action_t; server/cmd/quickd/main.go:sites public,Run public status against root with catalog row; assert status output.,documented,passed,,not-needed,not-needed,"Validated by `zig build test`, `zig build check`, `zig build -Denable-tui=false`, and `just test-all` (130 C/unit + 36 CLI contract tests passed). Validated by temp-root quickd admin smoke: prepare/activate, list, sites get/delete, domains add/list/remove, public on/off, releases verify, admin stats, mint-dev-token, doctor.",covered,,,,,,,,
CLI-PUBLIC-002,CLI public,enable public-static with scan,"As an operator, I want `quick public SITE on` to enable anonymous static assets only when the host allows it and the release has no quick API usage.",quickd rejects public on unless public_static.enabled is true and scan reports static-only.,README.md:Public static sites; server/cmd/quickd/main.go:sitesPublicCmd; server/internal/scan/scan.go,Deploy/static fixture then enable public; repeat with `/_quick` usage and assert rejection.,documented,passed,,not-needed,not-needed,"Validated by `zig build test`, `zig build check`, `zig build -Denable-tui=false`, and `just test-all` (130 C/unit + 36 CLI contract tests passed). Validated by temp-root quickd admin smoke: prepare/activate, list, sites get/delete, domains add/list/remove, public on/off, releases verify, admin stats, mint-dev-token, doctor.",covered,,,,,,,,
CLI-PUBLIC-003,CLI public,disable public-static,"As an operator, I want `quick public SITE off` to turn anonymous static access back off.",quickd sets site public false and CLI supports state off with confirmation/yes.,opencli.json:quick public.arguments.state/options.yes; server/cmd/quickd/main.go:sitesPublicCmd,Enable then disable in disposable root; assert authenticated gate resumes.,documented,passed,,not-needed,not-needed,"Validated by `zig build test`, `zig build check`, `zig build -Denable-tui=false`, and `just test-all` (130 C/unit + 36 CLI contract tests passed). Validated by temp-root quickd admin smoke: prepare/activate, list, sites get/delete, domains add/list/remove, public on/off, releases verify, admin stats, mint-dev-token, doctor.",covered,,,,,,,,
CLI-DOMAIN-001,CLI domain,list custom domains,"As an operator, I want `quick domain list` to list cataloged custom domains so I can audit host routing.",Domain command supports list and quickd returns domains from store.,opencli.json:quick domain; server/cmd/quickd/main.go:domains list; server/internal/store/store.go:ListDomains,Seed domains and run list/json; assert rows.,documented,passed,,not-needed,not-needed,"Validated by `zig build test`, `zig build check`, `zig build -Denable-tui=false`, and `just test-all` (130 C/unit + 36 CLI contract tests passed). Validated by temp-root quickd admin smoke: prepare/activate, list, sites get/delete, domains add/list/remove, public on/off, releases verify, admin stats, mint-dev-token, doctor.",covered,,,,,,,,
CLI-DOMAIN-002,CLI domain,add custom domain,"As an operator, I want `quick domain add DOMAIN --site SITE` to route a custom hostname to a site.","quickd validates domain against config, validates site name, stores domain-site mapping, and static handler resolves it.",README.md:Custom domains; opencli.json:quick domain.options.site; server/cmd/quickd/main.go:domains add; server/internal/static/static.go:siteFromHost,Add domain in disposable root and request host; assert site routing.,documented,passed,,not-needed,not-needed,"Validated by `zig build test`, `zig build check`, `zig build -Denable-tui=false`, and `just test-all` (130 C/unit + 36 CLI contract tests passed). Validated by temp-root quickd admin smoke: prepare/activate, list, sites get/delete, domains add/list/remove, public on/off, releases verify, admin stats, mint-dev-token, doctor.",covered,,,,,,,,
CLI-DOMAIN-003,CLI domain,remove custom domain,"As an operator, I want `quick domain remove DOMAIN` to stop a custom hostname from routing to a site.","quickd validates and removes the domain mapping, returning removed true.",opencli.json:quick domain.arguments; server/cmd/quickd/main.go:domains remove,Add then remove domain; assert route no longer resolves.,documented,passed,,not-needed,not-needed,"Validated by `zig build test`, `zig build check`, `zig build -Denable-tui=false`, and `just test-all` (130 C/unit + 36 CLI contract tests passed). Validated by temp-root quickd admin smoke: prepare/activate, list, sites get/delete, domains add/list/remove, public on/off, releases verify, admin stats, mint-dev-token, doctor.",covered,,,,,,,,
CLI-MENU-001,CLI/TUI,interactive dashboard launch,"As an interactive user, I want running `quick` or `quick menu` in a TTY to open a keyboard-driven dashboard.",No-argument interactive mode launches TUI unless JSON output is active; `quick menu` opens same TUI.,README.md:Interactive TUI; opencli.json:quick menu; src/cli/commands_menu.c; src/tui/tui_app.c,Run terminal VT scenario or pty smoke and assert main menu appears.,documented,passed,,not-needed,not-needed,"Validated by `zig build test`, `zig build check`, `zig build -Denable-tui=false`, and `just test-all` (130 C/unit + 36 CLI contract tests passed). Validated by `zig build terminal-test` (18 PTY/Ghostty VT scenarios passed).",covered,,,,,,,,
CLI-OPENCLI-001,CLI,OpenCLI contract,"As an automation integrator, I want `quick opencli` to print the stable command contract so agents can discover command syntax.",OpenCLI command prints JSON contract matching committed opencli.json; Zig test enforces drift.,README.md:Build and test; opencli.json; src/cli/opencli_contract.c; test/cli_contract_runner.c,Run `zig build run -- opencli` and compare to opencli.json; run `zig build test`.,documented,passed,,not-needed,not-needed,"Validated by `zig build test`, `zig build check`, `zig build -Denable-tui=false`, and `just test-all` (130 C/unit + 36 CLI contract tests passed).",covered,,,,,,,,
TUI-001,TUI,main menu navigation,"As a keyboard user, I want the TUI main menu to expose Sites, Deploy, New site, Doctor, Serve, Settings, Help/About, and Exit with mnemonics/search/resize support.","Main menu items and overlay are defined in tui_app; menu model supports mnemonics, numeric jump, search, mouse, resize, and Esc overlay.",src/tui/tui_app.c:main_menu; src/tui/tui_menu.c; src/tui/tui_menu_model.c,Run terminal VT/menu unit tests and manual pty navigation.,documented,passed,,not-needed,not-needed,"Validated by `zig build terminal-test` (18 PTY/Ghostty VT scenarios passed). Validated by `zig build test`, `zig build check`, `zig build -Denable-tui=false`, and `just test-all` (130 C/unit + 36 CLI contract tests passed).",covered,,,,,,,,
TUI-002,TUI,Sites screen actions,"As an interactive operator, I want the Sites screen to show local/remote sites and let me open, copy URL, deploy, toggle public, delete, or refresh.",Sites screen builds rows from quick_op_list and detail actions include open/copy/deploy/public/delete/refresh.,src/tui/tui_screen_sites.c; src/core/ops.h:quick_list_result_t,Run pty scenario with seeded records and assert actions/panels.,documented,passed,,not-needed,not-needed,"Validated by `zig build terminal-test` (18 PTY/Ghostty VT scenarios passed). Validated by `zig build test`, `zig build check`, `zig build -Denable-tui=false`, and `just test-all` (130 C/unit + 36 CLI contract tests passed).",covered,,,,,,,,
TUI-003,TUI,Deploy screen,"As an interactive deployer, I want the Deploy screen to prompt for path/site/subdomain/profile, show plan/progress, and report success/failure remediation.","Deploy screen prompts, previews plan, runs quick_op_deploy_execute with progress, handles publication/overwrite/cancel/failure.",src/tui/tui_screen_deploy.c; src/tui/tui_product_model.c,"Run pty/fake deploy scenario for plan, cancel, failure, success.",documented,passed,,not-needed,not-needed,"Validated by `zig build terminal-test` (18 PTY/Ghostty VT scenarios passed). Validated by `zig build test`, `zig build check`, `zig build -Denable-tui=false`, and `just test-all` (130 C/unit + 36 CLI contract tests passed).",covered,,,,,,,,
TUI-004,TUI,New site screen,"As an interactive creator, I want New site to prompt for path/name/template/profile and optionally deploy the new site.","Init screen asks for site path/name/template/profile, normalizes slug, calls quick_op_init, and can jump to deploy.",src/tui/tui_screen_init.c; src/core/ops.c:quick_op_init,Run pty scenario to scaffold blank/realtime and verify generated files.,documented,passed,,not-needed,not-needed,"Validated by `zig build terminal-test` (18 PTY/Ghostty VT scenarios passed). Validated by `zig build test`, `zig build check`, `zig build -Denable-tui=false`, and `just test-all` (130 C/unit + 36 CLI contract tests passed).",covered,,,,,,,,
TUI-005,TUI,Doctor screen,"As an interactive operator, I want Doctor to choose local/remote/deep/stats, show progress, and open check remediation details.","Doctor screen chooses scope/profile, runs quick_op_doctor or host stats, and renders check list/detail panels.",src/tui/tui_screen_doctor.c; src/core/ops.h:quick_doctor_result_t,Run pty scenario with fake checks and assert detail/remediation rendering.,documented,passed,,not-needed,not-needed,"Validated by `zig build terminal-test` (18 PTY/Ghostty VT scenarios passed). Validated by `zig build test`, `zig build check`, `zig build -Denable-tui=false`, and `just test-all` (130 C/unit + 36 CLI contract tests passed).",covered,,,,,,,,
TUI-006,TUI,Serve screen,"As an interactive developer/operator, I want Serve to manage local dev server, generate host install guide, and show host stats.","Serve screen can start/stop/open local dev server, prompt install guide fields, and request stats.",src/tui/tui_screen_serve.c,Run pty scenario for start/stop/dev URL and install guide prompts.,documented,passed,,not-needed,not-needed,"Validated by `zig build terminal-test` (18 PTY/Ghostty VT scenarios passed). Validated by `zig build test`, `zig build check`, `zig build -Denable-tui=false`, and `just test-all` (130 C/unit + 36 CLI contract tests passed).",covered,,,,,,,,
TUI-007,TUI,Settings profile editor,"As an interactive operator, I want Settings > Profiles to add/edit/default/write deployment profiles.","Settings screen lists profiles, opens profile panel, edits name/ssh/root/domain/IAP/base URL fields, sets default, and writes config.",src/tui/tui_screen_config.c:Profiles; src/core/profile_config.c,Run pty/unit scenario with temp config; assert write and validation.,documented,passed,,not-needed,not-needed,"Validated by `zig build terminal-test` (18 PTY/Ghostty VT scenarios passed). Validated by `zig build test`, `zig build check`, `zig build -Denable-tui=false`, and `just test-all` (130 C/unit + 36 CLI contract tests passed).",covered,,,,,,,,
TUI-008,TUI,Settings site config editor,"As an interactive site editor, I want Settings > Site config to edit quick.json fields safely.","Site config menu edits name/subdomain/source/output/build/profile, validates DNS/profile values, and writes quick.json.",src/tui/tui_screen_config.c:Site config; src/core/site_config.c,Run pty scenario in temp site; assert edited quick.json and validation errors.,documented,passed,,not-needed,not-needed,"Validated by `zig build terminal-test` (18 PTY/Ghostty VT scenarios passed). Validated by `zig build test`, `zig build check`, `zig build -Denable-tui=false`, and `just test-all` (130 C/unit + 36 CLI contract tests passed).",covered,,,,,,,,
TUI-009,TUI,Help/About overlay,"As an interactive user, I want in-app key bindings and about information so I can learn controls without leaving the TUI.",Help/About menu and Esc overlay show key bindings/about/exit options.,src/tui/tui_app.c:app_show_help/app_show_menu_overlay,Run pty scenario pressing Esc/help and assert text.,documented,passed,,not-needed,not-needed,"Validated by `zig build terminal-test` (18 PTY/Ghostty VT scenarios passed). Validated by `zig build test`, `zig build check`, `zig build -Denable-tui=false`, and `just test-all` (130 C/unit + 36 CLI contract tests passed).",covered,,,,,,,,
QD-CLI-001,quickd CLI,serve command,"As a host operator, I want `quickd serve` to run the HTTP service from config or dev flags.","quickd serve loads config/defaults, validates serve safety, opens SQLite store, creates identity/static/API handlers, and listens.",server/cmd/quickd/main.go:serveCmd; server/internal/config/config.go,Run quickd serve in dev/production temp root and curl health.,documented,passed,,not-needed,not-needed,"Validated by `cd server && go build ./... && go vet ./... && go test -count=1 ./...`, `just test-all`, and Docker build server-stage tests. Validated by temp-root quickd admin smoke: prepare/activate, list, sites get/delete, domains add/list/remove, public on/off, releases verify, admin stats, mint-dev-token, doctor. Validated by rebuilt `docker build -t openquick:test .` plus `scripts/container-smoke.sh` (health, deploy/activate, static routing, capabilities, SDK, DB, uploads, path fallback, directory, quickd list, quick CLI, ZIP deploy, traversal/404).",covered,,,,,,,,
QD-CLI-002,quickd CLI,deploy prepare,"As a CLI deployer, I want `quickd deploy prepare` to create a staging area and return deploy metadata before files transfer.","Prepare requires site, validates names/subdomain/deployer/SSH cert policy, creates incoming staging/files, returns link-dest and last deploy metadata.",server/cmd/quickd/main.go:deploy prepare; server/internal/deploy/deploy.go:PrepareWithOptions,Run prepare in temp root and assert JSON/staging path/site record.,documented,passed,,not-needed,not-needed,"Validated by `cd server && go build ./... && go vet ./... && go test -count=1 ./...`, `just test-all`, and Docker build server-stage tests. Validated by temp-root quickd admin smoke: prepare/activate, list, sites get/delete, domains add/list/remove, public on/off, releases verify, admin stats, mint-dev-token, doctor. Validated by rebuilt `docker build -t openquick:test .` plus `scripts/container-smoke.sh` (health, deploy/activate, static routing, capabilities, SDK, DB, uploads, path fallback, directory, quickd list, quick CLI, ZIP deploy, traversal/404).",covered,,,,,,,,
QD-CLI-003,quickd CLI,deploy activate,"As a CLI deployer, I want `quickd deploy activate` to atomically publish a prepared staging tree.","Activate validates staging paths, site config, public release constraints, writes manifest, moves release, swaps current symlink, records audit, prunes old releases.",server/cmd/quickd/main.go:deploy activate; server/internal/deploy/deploy.go:ActivateWithOptions,"Prepare fixture, write files, activate, assert current symlink/manifest/store.",documented,passed,,not-needed,not-needed,"Validated by `cd server && go build ./... && go vet ./... && go test -count=1 ./...`, `just test-all`, and Docker build server-stage tests. Validated by temp-root quickd admin smoke: prepare/activate, list, sites get/delete, domains add/list/remove, public on/off, releases verify, admin stats, mint-dev-token, doctor. Validated by rebuilt `docker build -t openquick:test .` plus `scripts/container-smoke.sh` (health, deploy/activate, static routing, capabilities, SDK, DB, uploads, path fallback, directory, quickd list, quick CLI, ZIP deploy, traversal/404).",covered,,,,,,,,
QD-CLI-004,quickd CLI,deploy extract-zip,"As a ZIP deployer, I want `quickd deploy extract-zip` to safely extract an uploaded archive into staging.","extract-zip validates site/deploy-id, uses DefaultZipCaps, and returns extracted/staging JSON.",server/cmd/quickd/main.go:deploy extract-zip; server/internal/deploy/zip.go,Run with safe and malicious zip fixtures; assert extraction and rejection.,documented,passed,,not-needed,not-needed,"Validated by `cd server && go build ./... && go vet ./... && go test -count=1 ./...`, `just test-all`, and Docker build server-stage tests. Validated by temp-root quickd admin smoke: prepare/activate, list, sites get/delete, domains add/list/remove, public on/off, releases verify, admin stats, mint-dev-token, doctor. Validated by rebuilt `docker build -t openquick:test .` plus `scripts/container-smoke.sh` (health, deploy/activate, static routing, capabilities, SDK, DB, uploads, path fallback, directory, quickd list, quick CLI, ZIP deploy, traversal/404).",covered,,,,,,,,
QD-CLI-005,quickd CLI,list/sites admin,"As an operator, I want quickd list/sites get/delete to inspect and manage cataloged sites from SSH/admin contexts.",quickd list returns sites with URLs; sites get returns one site; sites delete invokes deploy.DeleteSite.,server/cmd/quickd/main.go:listCmd/sitesCmd; server/internal/store/store.go,Run list/get/delete in temp root with seeded site.,documented,passed,,not-needed,not-needed,"Validated by `cd server && go build ./... && go vet ./... && go test -count=1 ./...`, `just test-all`, and Docker build server-stage tests. Validated by temp-root quickd admin smoke: prepare/activate, list, sites get/delete, domains add/list/remove, public on/off, releases verify, admin stats, mint-dev-token, doctor. Validated by rebuilt `docker build -t openquick:test .` plus `scripts/container-smoke.sh` (health, deploy/activate, static routing, capabilities, SDK, DB, uploads, path fallback, directory, quickd list, quick CLI, ZIP deploy, traversal/404).",covered,,,,,,,,
QD-CLI-006,quickd CLI,domains admin,"As an operator, I want quickd domains add/remove/list for custom domain catalog management.",quickd domains validates domain/site and calls store AddDomain/RemoveDomain/ListDomains.,server/cmd/quickd/main.go:domainsCmd; server/internal/store/store.go,Run add/list/remove in temp root.,documented,passed,,not-needed,not-needed,"Validated by `cd server && go build ./... && go vet ./... && go test -count=1 ./...`, `just test-all`, and Docker build server-stage tests. Validated by temp-root quickd admin smoke: prepare/activate, list, sites get/delete, domains add/list/remove, public on/off, releases verify, admin stats, mint-dev-token, doctor. Validated by rebuilt `docker build -t openquick:test .` plus `scripts/container-smoke.sh` (health, deploy/activate, static routing, capabilities, SDK, DB, uploads, path fallback, directory, quickd list, quick CLI, ZIP deploy, traversal/404).",covered,,,,,,,,
QD-CLI-007,quickd CLI,releases verification,"As an operator, I want `quickd releases verify` to validate release manifests so tampering or broken symlinks are detected.","VerifyReleases checks site/release manifests, files, hashes/signatures according to deploy config.",server/cmd/quickd/main.go:releasesCmd; server/internal/deploy/deploy.go:VerifyReleases,"Activate fixture, verify success, tamper file, verify failure.",documented,failed,"Temp-root quickd admin smoke found `quickd releases verify` returned `{""ok"":false,""failures"":[""...: manifest is unsigned""]}` for a default release even though deploy.signing.required defaults false.",fixed,passed,"Fixed `server/internal/deploy.VerifyReleases` so unsigned manifests are accepted when signatures are not required, while content hashes are still verified and present signatures are still checked. Added unsigned-release regression coverage in `server/internal/deploy/deploy_test.go`. Retested with deploy package tests, full server tests/vet/build, quickd admin smoke, `just test-all`, Docker build, and container smoke.",covered,,,,,,,,
QD-CLI-008,quickd CLI,admin stats,"As an operator, I want quickd admin stats to show site/release counts, disk usage, recent deploys, and rate limit counts.","admin stats computes counts from store, dir sizes, recent deploys, and rate_limit rows.",server/cmd/quickd/main.go:admin stats; server/internal/store/store.go,Seed root/store and assert JSON stats fields.,documented,passed,,not-needed,not-needed,"Validated by `cd server && go build ./... && go vet ./... && go test -count=1 ./...`, `just test-all`, and Docker build server-stage tests. Validated by temp-root quickd admin smoke: prepare/activate, list, sites get/delete, domains add/list/remove, public on/off, releases verify, admin stats, mint-dev-token, doctor. Validated by rebuilt `docker build -t openquick:test .` plus `scripts/container-smoke.sh` (health, deploy/activate, static routing, capabilities, SDK, DB, uploads, path fallback, directory, quickd list, quick CLI, ZIP deploy, traversal/404).",covered,,,,,,,,
QD-CLI-009,quickd CLI,mint dev token,"As a local developer, I want quickd admin mint-dev-token to create a temporary token for dev remote API proxy.","mint-dev-token validates site and ttl, stores token with expiry, and returns token/site/expires_at.",server/cmd/quickd/main.go:admin mint-dev-token; server/internal/store/store.go:MintDevToken,Run mint in temp root and validate token through dev proxy path.,documented,passed,,not-needed,not-needed,"Validated by `cd server && go build ./... && go vet ./... && go test -count=1 ./...`, `just test-all`, and Docker build server-stage tests. Validated by temp-root quickd admin smoke: prepare/activate, list, sites get/delete, domains add/list/remove, public on/off, releases verify, admin stats, mint-dev-token, doctor. Validated by rebuilt `docker build -t openquick:test .` plus `scripts/container-smoke.sh` (health, deploy/activate, static routing, capabilities, SDK, DB, uploads, path fallback, directory, quickd list, quick CLI, ZIP deploy, traversal/404).",covered,,,,,,,,
QD-CLI-010,quickd CLI,host doctor,"As a host operator, I want quickd doctor to validate config, writable root, SQLite, IAP/listen safety, domain, AI, and warehouse settings.","quickd doctor returns format_version, ok, and checks with group/status/detail/remediation.",server/cmd/quickd/main.go:doctorCmd/doctorAIChecks/doctorWarehouseChecks,Run doctor against good/bad temp roots/configs and assert statuses.,documented,passed,,not-needed,not-needed,"Validated by `cd server && go build ./... && go vet ./... && go test -count=1 ./...`, `just test-all`, and Docker build server-stage tests. Validated by temp-root quickd admin smoke: prepare/activate, list, sites get/delete, domains add/list/remove, public on/off, releases verify, admin stats, mint-dev-token, doctor. Validated by rebuilt `docker build -t openquick:test .` plus `scripts/container-smoke.sh` (health, deploy/activate, static routing, capabilities, SDK, DB, uploads, path fallback, directory, quickd list, quick CLI, ZIP deploy, traversal/404).",covered,,,,,,,,
HTTP-STATIC-001,HTTP static,health and SDK endpoints,"As a browser or monitor, I want `/_quick/health` and `/_quick/sdk.js` to be available so I can probe the host and load the SDK.",Health returns JSON ok; SDK is served at root and path-fallback contexts with no-cache JS.,server/internal/api/handler.go:ServeHTTP; server/internal/static/static.go:ServeHTTP,curl health/sdk from root and /~/site contexts.,documented,passed,,not-needed,not-needed,"Validated by `cd server && go build ./... && go vet ./... && go test -count=1 ./...`, `just test-all`, and Docker build server-stage tests. Validated by rebuilt `docker build -t openquick:test .` plus `scripts/container-smoke.sh` (health, deploy/activate, static routing, capabilities, SDK, DB, uploads, path fallback, directory, quickd list, quick CLI, ZIP deploy, traversal/404).",covered,,,,,,,,
HTTP-STATIC-002,HTTP static,site routing,"As a viewer, I want requests to route to the correct site by subdomain, custom domain, path fallback, or dev site.","Static handler resolves path fallback first, then domain catalog/subdomain, then dev site; validates site name and current release exists.",server/internal/static/static.go:route/siteFromHost/siteExists; server/internal/sites/sites.go,Create fixture sites/domains and assert routing for each URL form.,documented,passed,,not-needed,not-needed,"Validated by `cd server && go build ./... && go vet ./... && go test -count=1 ./...`, `just test-all`, and Docker build server-stage tests. Validated by rebuilt `docker build -t openquick:test .` plus `scripts/container-smoke.sh` (health, deploy/activate, static routing, capabilities, SDK, DB, uploads, path fallback, directory, quickd list, quick CLI, ZIP deploy, traversal/404).",covered,,,,,,,,
HTTP-STATIC-003,HTTP static,viewer authentication gate,"As an operator, I want private hosts to require identity before static or API access when configured.",authenticateViewer rejects anonymous identities when viewer.require_identity or !allow_anonymous; API also requires identity context.,server/internal/static/static.go:authenticateViewer; server/internal/api/handler.go:ServeHTTP,Run handler with anonymous vs authenticated adapters and assert 401/200.,documented,passed,,not-needed,not-needed,"Validated by `cd server && go build ./... && go vet ./... && go test -count=1 ./...`, `just test-all`, and Docker build server-stage tests. Validated by rebuilt `docker build -t openquick:test .` plus `scripts/container-smoke.sh` (health, deploy/activate, static routing, capabilities, SDK, DB, uploads, path fallback, directory, quickd list, quick CLI, ZIP deploy, traversal/404).",covered,,,,,,,,
HTTP-STATIC-004,HTTP static,public-static exception,"As an operator, I want selected static-only sites to allow anonymous GET/HEAD assets while keeping `/_quick/*` authenticated.",publicStaticAllowed only allows non-quick GET/HEAD when site public; quick paths require authenticated identity even for public sites.,server/internal/static/static.go:publicStaticAllowed; README.md:Public static sites,"Enable public flag and assert static 200 anonymous, API 401 anonymous, non-GET denied.",documented,passed,,not-needed,not-needed,"Validated by `cd server && go build ./... && go vet ./... && go test -count=1 ./...`, `just test-all`, and Docker build server-stage tests. Validated by rebuilt `docker build -t openquick:test .` plus `scripts/container-smoke.sh` (health, deploy/activate, static routing, capabilities, SDK, DB, uploads, path fallback, directory, quickd list, quick CLI, ZIP deploy, traversal/404).",covered,,,,,,,,
HTTP-STATIC-005,HTTP static,static files and SPA fallback,"As a viewer, I want static files, directory index files, and configured SPA fallback routes to serve correctly.","serveStatic handles GET/HEAD, index files, directory listing, and trySPAFallback based on site config.",server/internal/static/static.go:serveStatic/trySPAFallback/serveDirectoryListing; server/internal/sites/sites.go:SPAFallbackPath,"Request existing file, missing SPA route, HEAD, and directory path in fixture.",documented,passed,,not-needed,not-needed,"Validated by `cd server && go build ./... && go vet ./... && go test -count=1 ./...`, `just test-all`, and Docker build server-stage tests. Validated by rebuilt `docker build -t openquick:test .` plus `scripts/container-smoke.sh` (health, deploy/activate, static routing, capabilities, SDK, DB, uploads, path fallback, directory, quickd list, quick CLI, ZIP deploy, traversal/404).",covered,,,,,,,,
HTTP-STATIC-006,HTTP static,path and symlink hardening,"As an operator, I want traversal and symlink escapes blocked so hosted files cannot read outside release roots.","Static/deploy code cleans paths, rejects traversal, evaluates symlinks, and verifies resolved paths stay under release/site roots.",server/internal/static/static.go:containsTraversal/releaseRoot/serveStatic; server/internal/sites/sites.go:PathWithin; server/internal/deploy/deploy.go,Request traversal/symlink escape fixtures and assert 403/404.,documented,passed,,not-needed,not-needed,"Validated by `cd server && go build ./... && go vet ./... && go test -count=1 ./...`, `just test-all`, and Docker build server-stage tests. Validated by rebuilt `docker build -t openquick:test .` plus `scripts/container-smoke.sh` (health, deploy/activate, static routing, capabilities, SDK, DB, uploads, path fallback, directory, quickd list, quick CLI, ZIP deploy, traversal/404).",covered,,,,,,,,
HTTP-STATIC-007,HTTP static,apex directory page,"As a viewer on the base host, I want `/` or `/~` to show a directory of sites when enabled.","Directory request authenticates viewer and renders rows with URLs, release, deployer, public flag, and optional deploy panel.",server/internal/static/static.go:isDirectoryRequest/serveDirectory; README.md:quickd host daemon,Request apex with directory enabled/disabled and assert HTML rows or 404.,documented,passed,,not-needed,not-needed,"Validated by `cd server && go build ./... && go vet ./... && go test -count=1 ./...`, `just test-all`, and Docker build server-stage tests. Validated by rebuilt `docker build -t openquick:test .` plus `scripts/container-smoke.sh` (health, deploy/activate, static routing, capabilities, SDK, DB, uploads, path fallback, directory, quickd list, quick CLI, ZIP deploy, traversal/404).",covered,,,,,,,,
HTTP-STATIC-008,HTTP static,Caddy on-demand domain ask,"As an operator using on-demand TLS, I want `/_quick/domains/ask` to allow only cataloged domains from trusted peers.","handleDomainAsk only supports GET/HEAD, requires trusted remote peer, validates domain, and returns 200 only for cataloged domains.",server/internal/static/static.go:handleDomainAsk/trustedPeer; install/caddy/Caddyfile.ondemand.example,Call ask from trusted/untrusted remotes for known/unknown domains.,documented,passed,,not-needed,not-needed,"Validated by `cd server && go build ./... && go vet ./... && go test -count=1 ./...`, `just test-all`, and Docker build server-stage tests. Validated by rebuilt `docker build -t openquick:test .` plus `scripts/container-smoke.sh` (health, deploy/activate, static routing, capabilities, SDK, DB, uploads, path fallback, directory, quickd list, quick CLI, ZIP deploy, traversal/404).",covered,,,,,,,,
HTTP-STATIC-009,HTTP static,browser ZIP deploy portal,"As an authorized browser user, I want to POST a ZIP to `/_quick/deploy/SITE` so I can deploy without SSH when the portal is enabled.","HTTP deploy requires apex host, POST, feature enabled, same-origin or token auth, exact confirm when needed, ZIP caps, prepare/extract/activate.",README.md:Browser deploy portal; server/internal/static/static.go:handleHTTPDeploy/authorizeHTTPDeploy/saveDeployZip,POST valid/invalid zips with/without auth/confirm/origin and assert results.,documented,passed,,not-needed,not-needed,"Validated by `cd server && go build ./... && go vet ./... && go test -count=1 ./...`, `just test-all`, and Docker build server-stage tests. Validated by rebuilt `docker build -t openquick:test .` plus `scripts/container-smoke.sh` (health, deploy/activate, static routing, capabilities, SDK, DB, uploads, path fallback, directory, quickd list, quick CLI, ZIP deploy, traversal/404).",covered,,,,,,,,
HTTP-STATIC-010,HTTP static,dev remote API proxy,"As a local developer, I want local quick paths to proxy to a deployed origin when remote API proxy is enabled.","Static handler proxies `/_quick/*` except sdk.js to remote origin with dev token when DevDir, RemoteAPI, and RemoteAPIToken are set.",server/internal/static/static.go:remoteAPIEnabled/shouldProxyQuickPath/proxyRemoteAPI; server/internal/static/devproxy_test.go,Run existing devproxy tests and a live httptest fixture.,documented,passed,,not-needed,not-needed,"Validated by `cd server && go build ./... && go vet ./... && go test -count=1 ./...`, `just test-all`, and Docker build server-stage tests. Validated by rebuilt `docker build -t openquick:test .` plus `scripts/container-smoke.sh` (health, deploy/activate, static routing, capabilities, SDK, DB, uploads, path fallback, directory, quickd list, quick CLI, ZIP deploy, traversal/404).",covered,,,,,,,,
IDENTITY-001,Identity,dev and none adapters,"As a local/dev operator, I want dev or none identity modes to produce synthetic or anonymous identities with explicit unsafe gating.",DevAdapter returns authenticated synthetic identity when configured or unsafe; NoneAdapter returns anonymous only when allowed.,server/internal/identity/dev.go; server/internal/config/config.go:ValidateServe,Run identity unit tests and direct adapter tests.,documented,passed,,not-needed,not-needed,"Validated by `cd server && go build ./... && go vet ./... && go test -count=1 ./...`, `just test-all`, and Docker build server-stage tests.",covered,,,,,,,,
IDENTITY-002,Identity,Tailscale Serve headers,"As a Tailscale Serve operator, I want identity derived from trusted Tailscale headers.",TailscaleServeAdapter reads Tailscale user headers into normalized Identity.,server/internal/identity/tailscale_serve.go; README.md:IAP options,Run adapter test with headers and missing headers.,documented,passed,,not-needed,not-needed,"Validated by `cd server && go build ./... && go vet ./... && go test -count=1 ./...`, `just test-all`, and Docker build server-stage tests.",covered,,,,,,,,
IDENTITY-003,Identity,Tailscale LocalAPI WhoIs,"As a tailnet operator, I want source IP identity resolved through Tailscale LocalAPI behind trusted proxies.","TailscaleLocalAPIAdapter checks trusted proxy/source header and calls WhoIs, mapping user/profile/device data.",server/internal/identity/tailscale_localapi.go,Run unit tests with fake WhoIs and trusted/untrusted addresses.,documented,passed,,not-needed,not-needed,"Validated by `cd server && go build ./... && go vet ./... && go test -count=1 ./...`, `just test-all`, and Docker build server-stage tests.",covered,,,,,,,,
IDENTITY-004,Identity,Tailscale tsnet WhoIs,"As a Go-native tailnet operator, I want tsnet listener identity from WhoIs so requests are authenticated without headers.",TailscaleTSNetAdapter delegates remote address to WhoIs client and maps Identity.,server/internal/identity/tailscale_tsnet.go,Run adapter test with fake WhoIs.,documented,passed,,not-needed,not-needed,"Validated by `cd server && go build ./... && go vet ./... && go test -count=1 ./...`, `just test-all`, and Docker build server-stage tests.",covered,,,,,,,,
IDENTITY-005,Identity,Cloudflare Access JWT,"As a Cloudflare Access operator, I want quickd to validate Access JWTs before trusting identity.","CloudflareAccessAdapter parses JWT from Cf-Access-Jwt-Assertion, validates issuer/audience/expiry/JWKS/email allowlist, and maps identity.",server/internal/identity/cloudflare.go; README.md:IAP options,Run identity tests with valid/invalid JWT/JWKS/allowlist fixtures.,documented,passed,,not-needed,not-needed,"Validated by `cd server && go build ./... && go vet ./... && go test -count=1 ./...`, `just test-all`, and Docker build server-stage tests.",covered,,,,,,,,
IDENTITY-006,Identity,strip inbound X-Quick headers,"As an operator, I want untrusted clients unable to spoof OpenQuick internal headers.",Static handler strips all inbound X-Quick-* headers before routing; dev token is captured before stripping only for internal proxy path.,server/internal/static/static.go:stripQuickHeaders; server/internal/identity/adapter.go:StripQuickHeaders,Send spoofed X-Quick headers and assert downstream handlers do not see them.,documented,passed,,not-needed,not-needed,"Validated by `cd server && go build ./... && go vet ./... && go test -count=1 ./...`, `just test-all`, and Docker build server-stage tests.",covered,,,,,,,,
API-001,Host API,identity endpoint,"As browser code, I want `quick.identity.current()` / GET `/_quick/identity` to return normalized identity.",API requires site and identity context; GET identity returns the Identity object.,server/internal/api/handler.go:case /_quick/identity; sdk/js/src/index.ts:currentIdentity,HTTP test plus SDK shape test for identity current/onChange.,documented,passed,,not-needed,not-needed,"Validated by `cd server && go build ./... && go vet ./... && go test -count=1 ./...`, `just test-all`, and Docker build server-stage tests. Validated by `cd sdk/js && bun test && bun run build`, `just build-all`, Docker SDK build, and `just test-all` (8 Bun SDK tests passed). Validated by rebuilt `docker build -t openquick:test .` plus `scripts/container-smoke.sh` (health, deploy/activate, static routing, capabilities, SDK, DB, uploads, path fallback, directory, quickd list, quick CLI, ZIP deploy, traversal/404).",covered,,,,,,,,
API-002,Host API,capabilities endpoint,"As browser code, I want capabilities to tell me which SDK families are available.",GET `/_quick/capabilities` returns identity/db/realtime/uploads true plus ai/warehouse from config.,server/internal/api/handler.go:case /_quick/capabilities; sdk/js/src/index.ts:fetchCapabilities,HTTP test with AI/warehouse enabled/disabled.,documented,passed,,not-needed,not-needed,"Validated by `cd server && go build ./... && go vet ./... && go test -count=1 ./...`, `just test-all`, and Docker build server-stage tests. Validated by `cd sdk/js && bun test && bun run build`, `just build-all`, Docker SDK build, and `just test-all` (8 Bun SDK tests passed). Validated by rebuilt `docker build -t openquick:test .` plus `scripts/container-smoke.sh` (health, deploy/activate, static routing, capabilities, SDK, DB, uploads, path fallback, directory, quickd list, quick CLI, ZIP deploy, traversal/404).",covered,,,,,,,,
API-003,Host API,DB create/list/get,"As browser code, I want to create, list, and get JSON documents in a collection scoped to the current site.","DB API validates collection/id, requires dataAllowed, POST creates random id, GET collection lists, GET id returns document envelope.",server/internal/api/handler.go:handleDB; server/internal/store/store.go:CreateDocument/ListDocuments/GetDocument; sdk/js/src/index.ts:collection,Run API integration DB tests and SDK collection create/list/get tests.,documented,passed,,not-needed,not-needed,"Validated by `cd server && go build ./... && go vet ./... && go test -count=1 ./...`, `just test-all`, and Docker build server-stage tests. Validated by `cd sdk/js && bun test && bun run build`, `just build-all`, Docker SDK build, and `just test-all` (8 Bun SDK tests passed). Validated by rebuilt `docker build -t openquick:test .` plus `scripts/container-smoke.sh` (health, deploy/activate, static routing, capabilities, SDK, DB, uploads, path fallback, directory, quickd list, quick CLI, ZIP deploy, traversal/404).",covered,,,,,,,,
API-004,Host API,DB update/patch/delete,"As browser code, I want to update or delete documents and receive realtime notifications.","PUT replaces by id, PATCH merges JSON object into existing data, DELETE removes doc; create/update/delete publish realtime events.",server/internal/api/handler.go:handleDB PUT/PATCH/DELETE; server/internal/realtime/hub.go,Run API integration and websocket fanout tests.,documented,passed,,not-needed,not-needed,"Validated by `cd server && go build ./... && go vet ./... && go test -count=1 ./...`, `just test-all`, and Docker build server-stage tests. Validated by `cd sdk/js && bun test && bun run build`, `just build-all`, Docker SDK build, and `just test-all` (8 Bun SDK tests passed). Validated by rebuilt `docker build -t openquick:test .` plus `scripts/container-smoke.sh` (health, deploy/activate, static routing, capabilities, SDK, DB, uploads, path fallback, directory, quickd list, quick CLI, ZIP deploy, traversal/404).",covered,,,,,,,,
API-005,Host API,uploads,"As browser code, I want to upload, retrieve, and delete files scoped to my site.","Uploads API supports POST raw or multipart, GET by id, DELETE by id, enforces max size and stores metadata.",server/internal/api/handler.go:handleUploads; server/internal/uploads/uploads.go; sdk/js/src/index.ts:uploads,Run upload API tests for multipart/raw/size/get/delete and SDK put/get/remove.,documented,passed,,not-needed,not-needed,"Validated by `cd server && go build ./... && go vet ./... && go test -count=1 ./...`, `just test-all`, and Docker build server-stage tests. Validated by `cd sdk/js && bun test && bun run build`, `just build-all`, Docker SDK build, and `just test-all` (8 Bun SDK tests passed). Validated by rebuilt `docker build -t openquick:test .` plus `scripts/container-smoke.sh` (health, deploy/activate, static routing, capabilities, SDK, DB, uploads, path fallback, directory, quickd list, quick CLI, ZIP deploy, traversal/404).",covered,,,,,,,,
API-006,Host API,realtime channels,"As browser code, I want a WebSocket channel API to subscribe and publish events within a site.",GET `/_quick/realtime` upgrades to WebSocket; envelopes subscribe/publish by channel/event; hub scopes clients by site.,server/internal/api/handler.go:case /_quick/realtime; server/internal/realtime/hub.go; sdk/js/src/index.ts:RealtimeClient,"Run websocket tests for subscribe, publish, site isolation, SDK channel send/on.",documented,passed,,not-needed,not-needed,"Validated by `cd server && go build ./... && go vet ./... && go test -count=1 ./...`, `just test-all`, and Docker build server-stage tests. Validated by `cd sdk/js && bun test && bun run build`, `just build-all`, Docker SDK build, and `just test-all` (8 Bun SDK tests passed). Validated by rebuilt `docker build -t openquick:test .` plus `scripts/container-smoke.sh` (health, deploy/activate, static routing, capabilities, SDK, DB, uploads, path fallback, directory, quickd list, quick CLI, ZIP deploy, traversal/404).",covered,,,,,,,,
API-007,Host API,same-origin/CORS protection,"As an operator, I want state-changing API calls denied from other origins while safe reads can proceed.","sameOriginOK permits no Origin, reflects same-host Origin, denies cross-origin POST/PUT/PATCH/DELETE, and handles OPTIONS.",server/internal/api/handler.go:sameOriginOK; server/internal/static/static.go:setStaticCORS,Run HTTP tests with same/cross Origin for GET/POST/OPTIONS.,documented,passed,,not-needed,not-needed,"Validated by `cd server && go build ./... && go vet ./... && go test -count=1 ./...`, `just test-all`, and Docker build server-stage tests. Validated by `cd sdk/js && bun test && bun run build`, `just build-all`, Docker SDK build, and `just test-all` (8 Bun SDK tests passed). Validated by rebuilt `docker build -t openquick:test .` plus `scripts/container-smoke.sh` (health, deploy/activate, static routing, capabilities, SDK, DB, uploads, path fallback, directory, quickd list, quick CLI, ZIP deploy, traversal/404).",covered,,,,,,,,
API-008,Host API,AI chat,"As browser code, I want `quick.ai.chat` to call configured server-side AI providers without exposing keys.","AI chat requires ai capability, model allowlist/default resolution, rate/budget checks, OpenAI/Anthropic providers, optional SSE streaming.",server/internal/api/ai.go:handleAIChat/streamAIChat; sdk/js/src/index.ts:chat,Run ai_warehouse tests with fake providers and SDK stream/non-stream tests.,documented,passed,,not-needed,not-needed,"Validated by `cd server && go build ./... && go vet ./... && go test -count=1 ./...`, `just test-all`, and Docker build server-stage tests. Validated by `cd sdk/js && bun test && bun run build`, `just build-all`, Docker SDK build, and `just test-all` (8 Bun SDK tests passed). Validated by rebuilt `docker build -t openquick:test .` plus `scripts/container-smoke.sh` (health, deploy/activate, static routing, capabilities, SDK, DB, uploads, path fallback, directory, quickd list, quick CLI, ZIP deploy, traversal/404).",covered,,,,,,,,
API-009,Host API,AI image generation,"As browser code, I want `quick.ai.image` to request an image and receive a same-origin upload URL.","AI image requires ai capability and provider/model, fetches generated image URL, stores image as upload, returns id/model/url.",server/internal/api/ai.go:handleAIImages/openAIImage; sdk/js/src/index.ts:image,Run fake provider image test and assert upload URL retrieval.,documented,passed,,not-needed,not-needed,"Validated by `cd server && go build ./... && go vet ./... && go test -count=1 ./...`, `just test-all`, and Docker build server-stage tests. Validated by `cd sdk/js && bun test && bun run build`, `just build-all`, Docker SDK build, and `just test-all` (8 Bun SDK tests passed). Validated by rebuilt `docker build -t openquick:test .` plus `scripts/container-smoke.sh` (health, deploy/activate, static routing, capabilities, SDK, DB, uploads, path fallback, directory, quickd list, quick CLI, ZIP deploy, traversal/404).",covered,,,,,,,,
API-010,Host API,warehouse queries,"As browser code, I want named read-only warehouse queries with typed params so sites can read analytics without SQL exposure.","Warehouse API requires warehouse capability, validates query name, GET/POST params, allowed param types, SELECT-only SQL, max rows/truncation.",server/internal/api/warehouse.go; server/internal/config/config.go:ValidateWarehouse; sdk/js/src/index.ts:warehouseQuery,"Run warehouse tests for valid query, bad params, nonselect/sneaky SQL, row limits.",documented,passed,,not-needed,not-needed,"Validated by `cd server && go build ./... && go vet ./... && go test -count=1 ./...`, `just test-all`, and Docker build server-stage tests. Validated by `cd sdk/js && bun test && bun run build`, `just build-all`, Docker SDK build, and `just test-all` (8 Bun SDK tests passed). Validated by rebuilt `docker build -t openquick:test .` plus `scripts/container-smoke.sh` (health, deploy/activate, static routing, capabilities, SDK, DB, uploads, path fallback, directory, quickd list, quick CLI, ZIP deploy, traversal/404).",covered,,,,,,,,
DEPLOY-001,Deploy service,site/subdomain validation,"As an operator, I want deploys to reject invalid or reserved site names and conflicting subdomains.","Deploy uses sites.ValidateSiteName, reserved names, prepareSubdomain, and ensureSubdomainAvailable.",server/internal/deploy/deploy.go:prepareSubdomain/ensureSubdomainAvailable; server/internal/sites/sites.go,Run deploy unit tests for invalid/reserved/conflicting labels.,documented,passed,,not-needed,not-needed,"Validated by `cd server && go build ./... && go vet ./... && go test -count=1 ./...`, `just test-all`, and Docker build server-stage tests. Validated by temp-root quickd admin smoke: prepare/activate, list, sites get/delete, domains add/list/remove, public on/off, releases verify, admin stats, mint-dev-token, doctor. Validated by rebuilt `docker build -t openquick:test .` plus `scripts/container-smoke.sh` (health, deploy/activate, static routing, capabilities, SDK, DB, uploads, path fallback, directory, quickd list, quick CLI, ZIP deploy, traversal/404).",covered,,,,,,,,
DEPLOY-002,Deploy service,site config synchronization,"As a deployer, I want quick.json in releases to match the selected site/subdomain so host metadata stays consistent.","ensureSiteConfig reads/writes site config, can force updates, and activation validates fallback paths.",server/internal/deploy/deploy.go:ensureSiteConfig/validateSiteConfig,Run activation tests with matching/mismatched config.,documented,passed,,not-needed,not-needed,"Validated by `cd server && go build ./... && go vet ./... && go test -count=1 ./...`, `just test-all`, and Docker build server-stage tests. Validated by temp-root quickd admin smoke: prepare/activate, list, sites get/delete, domains add/list/remove, public on/off, releases verify, admin stats, mint-dev-token, doctor. Validated by rebuilt `docker build -t openquick:test .` plus `scripts/container-smoke.sh` (health, deploy/activate, static routing, capabilities, SDK, DB, uploads, path fallback, directory, quickd list, quick CLI, ZIP deploy, traversal/404).",covered,,,,,,,,
DEPLOY-003,Deploy service,release manifest and signing,"As an operator, I want each release to have a manifest and optional signature so releases can be audited and verified.",Activate writes .quick-release.json with files/hashes/audit and signs when deploy.signing.enabled; verify honors signing.required.,server/internal/deploy/deploy.go:writeManifest/signManifestIfConfigured/VerifyReleases,"Run deploy tests for manifest contents, signing, required verification.",documented,failed,Release verification incorrectly treated unsigned manifests as a failure even when signing was optional/default-off.,fixed,passed,Same fix as QD-CLI-007: optional signatures no longer make default release verification fail; content hash verification still runs. Signed/tampered release tests still pass.,covered,,,,,,,,
DEPLOY-004,Deploy service,release retention/pruning,"As an operator, I want old releases pruned while keeping recent releases so disk usage stays bounded.",Activate prunes releases over retained_releases and keeps current/recent releases.,server/internal/deploy/deploy.go:ActivateWithOptions prune logic; server/internal/config/config.go:RetainedReleases,Run activation sequence with low retention and assert old release removal.,documented,passed,,not-needed,not-needed,"Validated by `cd server && go build ./... && go vet ./... && go test -count=1 ./...`, `just test-all`, and Docker build server-stage tests. Validated by temp-root quickd admin smoke: prepare/activate, list, sites get/delete, domains add/list/remove, public on/off, releases verify, admin stats, mint-dev-token, doctor. Validated by rebuilt `docker build -t openquick:test .` plus `scripts/container-smoke.sh` (health, deploy/activate, static routing, capabilities, SDK, DB, uploads, path fallback, directory, quickd list, quick CLI, ZIP deploy, traversal/404).",covered,,,,,,,,
DEPLOY-005,Deploy service,public release scan,"As an operator, I want public sites to reject releases that use OpenQuick private APIs.",validatePublicRelease scans release files for forbidden quick API patterns before activating a public site.,server/internal/deploy/deploy.go:validatePublicRelease; server/internal/scan/scan.go,Mark site public and activate fixture with `/_quick` usage; assert rejection.,documented,passed,,not-needed,not-needed,"Validated by `cd server && go build ./... && go vet ./... && go test -count=1 ./...`, `just test-all`, and Docker build server-stage tests. Validated by temp-root quickd admin smoke: prepare/activate, list, sites get/delete, domains add/list/remove, public on/off, releases verify, admin stats, mint-dev-token, doctor. Validated by rebuilt `docker build -t openquick:test .` plus `scripts/container-smoke.sh` (health, deploy/activate, static routing, capabilities, SDK, DB, uploads, path fallback, directory, quickd list, quick CLI, ZIP deploy, traversal/404).",covered,,,,,,,,
DEPLOY-006,Deploy service,ZIP extraction safety,"As an operator, I want ZIP deploy extraction to enforce limits and prevent zip-slip/symlink abuse.","ExtractZip applies caps, rejects absolute/traversal paths and oversized entries/counts.",server/internal/deploy/zip.go; server/internal/deploy/zip_test.go,Run zip tests and additional malicious archive fixtures.,documented,passed,,not-needed,not-needed,"Validated by `cd server && go build ./... && go vet ./... && go test -count=1 ./...`, `just test-all`, and Docker build server-stage tests. Validated by temp-root quickd admin smoke: prepare/activate, list, sites get/delete, domains add/list/remove, public on/off, releases verify, admin stats, mint-dev-token, doctor. Validated by rebuilt `docker build -t openquick:test .` plus `scripts/container-smoke.sh` (health, deploy/activate, static routing, capabilities, SDK, DB, uploads, path fallback, directory, quickd list, quick CLI, ZIP deploy, traversal/404).",covered,,,,,,,,
DEPLOY-007,Deploy service,SSH certificate audit/policy,"As an operator, I want deploy audit records to include SSH identity and optionally require SSH certs.",Prepare/Activate options carry ssh_user/key_id/principals; deploy.require_ssh_cert can reject missing cert details; audit records store deployer metadata.,server/internal/deploy/deploy.go:PrepareWithOptions/ActivateWithOptions; server/internal/config/config.go:DeployConfig.RequireSSHCert,Run deploy tests with require_ssh_cert true/false and inspect store audit.,documented,passed,,not-needed,not-needed,"Validated by `cd server && go build ./... && go vet ./... && go test -count=1 ./...`, `just test-all`, and Docker build server-stage tests. Validated by temp-root quickd admin smoke: prepare/activate, list, sites get/delete, domains add/list/remove, public on/off, releases verify, admin stats, mint-dev-token, doctor. Validated by rebuilt `docker build -t openquick:test .` plus `scripts/container-smoke.sh` (health, deploy/activate, static routing, capabilities, SDK, DB, uploads, path fallback, directory, quickd list, quick CLI, ZIP deploy, traversal/404).",covered,,,,,,,,
DEPLOY-008,Deploy service,delete site cleanup,"As an operator, I want deleting a site to remove catalog entries and filesystem data.","Deploy DeleteSite validates site, removes site directory/catalog rows, and returns result.",server/internal/deploy/deploy.go:DeleteSite; server/cmd/quickd/main.go:sites delete,Run delete tests in temp root and inspect store/files.,documented,passed,,not-needed,not-needed,"Validated by `cd server && go build ./... && go vet ./... && go test -count=1 ./...`, `just test-all`, and Docker build server-stage tests. Validated by temp-root quickd admin smoke: prepare/activate, list, sites get/delete, domains add/list/remove, public on/off, releases verify, admin stats, mint-dev-token, doctor. Validated by rebuilt `docker build -t openquick:test .` plus `scripts/container-smoke.sh` (health, deploy/activate, static routing, capabilities, SDK, DB, uploads, path fallback, directory, quickd list, quick CLI, ZIP deploy, traversal/404).",covered,,,,,,,,
SDK-001,SDK,API base detection,"As browser code, I want the SDK to work on wildcard hosts and path-fallback `/~/site/` hosts without manual configuration.",SDK detects base from import.meta.url and location path; pathAwareURL rewrites upload URLs from `/_quick` to path fallback base.,sdk/js/src/index.ts:detectApiBase/pathAwareURL,Run SDK tests simulating root and path fallback location/import.,documented,passed,,not-needed,not-needed,"Validated by `cd sdk/js && bun test && bun run build`, `just build-all`, Docker SDK build, and `just test-all` (8 Bun SDK tests passed). Validated by rebuilt `docker build -t openquick:test .` plus `scripts/container-smoke.sh` (health, deploy/activate, static routing, capabilities, SDK, DB, uploads, path fallback, directory, quickd list, quick CLI, ZIP deploy, traversal/404).",covered,,,,,,,,
SDK-002,SDK,request errors,"As browser code, I want failed OpenQuick requests to throw clear errors with status/details.","requestJson uses same-origin credentials, parses JSON/text error bodies, and throws `OpenQuick request failed: status details`.",sdk/js/src/index.ts:requestJson/throwRequestError,Run SDK fetch mock tests for JSON/text/204/error responses.,documented,passed,,not-needed,not-needed,"Validated by `cd sdk/js && bun test && bun run build`, `just build-all`, Docker SDK build, and `just test-all` (8 Bun SDK tests passed). Validated by rebuilt `docker build -t openquick:test .` plus `scripts/container-smoke.sh` (health, deploy/activate, static routing, capabilities, SDK, DB, uploads, path fallback, directory, quickd list, quick CLI, ZIP deploy, traversal/404).",covered,,,,,,,,
SDK-003,SDK,identity cache/onChange,"As browser code, I want identity current() to cache in-flight requests and onChange() to notify listeners.",identityRequest prevents duplicate fetches; notifyIdentity calls listeners; unsubscribe removes callback.,sdk/js/src/index.ts:currentIdentity/onIdentityChange,Run SDK unit tests with mock fetch/listeners.,documented,passed,,not-needed,not-needed,"Validated by `cd sdk/js && bun test && bun run build`, `just build-all`, Docker SDK build, and `just test-all` (8 Bun SDK tests passed). Validated by rebuilt `docker build -t openquick:test .` plus `scripts/container-smoke.sh` (health, deploy/activate, static routing, capabilities, SDK, DB, uploads, path fallback, directory, quickd list, quick CLI, ZIP deploy, traversal/404).",covered,,,,,,,,
SDK-004,SDK,document normalization,"As browser code, I want document records flattened to `{id,...data}` even though quickd returns metadata/data envelopes.",normalizeDocument merges data object with metadata and preserves id; collection methods call it for create/get/update/list/subscriptions.,sdk/js/src/index.ts:normalizeDocument/collection,Run SDK collection tests for envelope/list normalization.,documented,passed,,not-needed,not-needed,"Validated by `cd sdk/js && bun test && bun run build`, `just build-all`, Docker SDK build, and `just test-all` (8 Bun SDK tests passed). Validated by rebuilt `docker build -t openquick:test .` plus `scripts/container-smoke.sh` (health, deploy/activate, static routing, capabilities, SDK, DB, uploads, path fallback, directory, quickd list, quick CLI, ZIP deploy, traversal/404).",covered,,,,,,,,
SDK-005,SDK,collection subscription API,"As browser code, I want `collection.subscribe` to bind DB create/update/delete events and return an unsubscribe function.","subscribe wires realtime events for db:collection, normalizes payloads, opens socket, and returns aggregate unsubscribe.",sdk/js/src/index.ts:collection.subscribe; server/internal/realtime/hub.go,Run SDK realtime mock or integration websocket test.,documented,passed,,not-needed,not-needed,"Validated by `cd sdk/js && bun test && bun run build`, `just build-all`, Docker SDK build, and `just test-all` (8 Bun SDK tests passed). Validated by rebuilt `docker build -t openquick:test .` plus `scripts/container-smoke.sh` (health, deploy/activate, static routing, capabilities, SDK, DB, uploads, path fallback, directory, quickd list, quick CLI, ZIP deploy, traversal/404).",covered,,,,,,,,
SDK-006,SDK,uploads FormData API,"As browser code, I want `quick.uploads.put(file)` to send FormData and return a path-aware URL.","putUpload requires FormData, chooses name from options/file, posts to uploads, and rewrites returned URL when needed.",sdk/js/src/index.ts:putUpload,Run SDK fetch/FormData mock tests.,documented,passed,,not-needed,not-needed,"Validated by `cd sdk/js && bun test && bun run build`, `just build-all`, Docker SDK build, and `just test-all` (8 Bun SDK tests passed). Validated by rebuilt `docker build -t openquick:test .` plus `scripts/container-smoke.sh` (health, deploy/activate, static routing, capabilities, SDK, DB, uploads, path fallback, directory, quickd list, quick CLI, ZIP deploy, traversal/404).",covered,,,,,,,,
SDK-007,SDK,realtime client queueing,"As browser code, I want realtime sends/subscribes before socket open to queue and flush once connected.","RealtimeClient queues envelopes until WebSocket OPEN, resubscribes channels on open, handles close reset.",sdk/js/src/index.ts:RealtimeClient,Run SDK WebSocket mock tests for queue/flush/resubscribe.,documented,passed,,not-needed,not-needed,"Validated by `cd sdk/js && bun test && bun run build`, `just build-all`, Docker SDK build, and `just test-all` (8 Bun SDK tests passed). Validated by rebuilt `docker build -t openquick:test .` plus `scripts/container-smoke.sh` (health, deploy/activate, static routing, capabilities, SDK, DB, uploads, path fallback, directory, quickd list, quick CLI, ZIP deploy, traversal/404).",covered,,,,,,,,
SDK-008,SDK,AI capability guard,"As browser code, I want AI calls to fail early with a clear message when host capabilities do not include AI.",chat/image call requireCapability before POST; error says API is not available on this host.,sdk/js/src/index.ts:requireCapability/chat/image,Run SDK fetch mock tests with capabilities.ai false and true.,documented,passed,,not-needed,not-needed,"Validated by `cd sdk/js && bun test && bun run build`, `just build-all`, Docker SDK build, and `just test-all` (8 Bun SDK tests passed). Validated by rebuilt `docker build -t openquick:test .` plus `scripts/container-smoke.sh` (health, deploy/activate, static routing, capabilities, SDK, DB, uploads, path fallback, directory, quickd list, quick CLI, ZIP deploy, traversal/404).",covered,,,,,,,,
SDK-009,SDK,streaming chat parsing,"As browser code, I want streaming chat deltas to call onDelta and return a final ChatResponse.","requestChatStream parses text/event-stream data lines, handles [DONE]/done/done:true, accumulates delta text, and cancels reader at done.",sdk/js/src/index.ts:requestChatStream/processChatStreamEvent,Run SDK stream mock tests for OpenAI/Anthropic/raw formats.,documented,passed,,not-needed,not-needed,"Validated by `cd sdk/js && bun test && bun run build`, `just build-all`, Docker SDK build, and `just test-all` (8 Bun SDK tests passed). Validated by rebuilt `docker build -t openquick:test .` plus `scripts/container-smoke.sh` (health, deploy/activate, static routing, capabilities, SDK, DB, uploads, path fallback, directory, quickd list, quick CLI, ZIP deploy, traversal/404).",covered,,,,,,,,
SDK-010,SDK,warehouse capability guard,"As browser code, I want warehouse queries guarded by capabilities and sent as named parameterized POSTs.",warehouseQuery checks warehouse capability and POSTs params to `/_quick/warehouse/:name`.,sdk/js/src/index.ts:warehouseQuery,Run SDK fetch mock tests for capability failure and POST payload.,documented,passed,,not-needed,not-needed,"Validated by `cd sdk/js && bun test && bun run build`, `just build-all`, Docker SDK build, and `just test-all` (8 Bun SDK tests passed). Validated by rebuilt `docker build -t openquick:test .` plus `scripts/container-smoke.sh` (health, deploy/activate, static routing, capabilities, SDK, DB, uploads, path fallback, directory, quickd list, quick CLI, ZIP deploy, traversal/404).",covered,,,,,,,,
CONFIG-001,Config,strict quickd config loading,"As an operator, I want quickd config loading to reject unknown/trailing invalid JSON so typos do not silently weaken security.","Decode uses DisallowUnknownFields, rejects trailing data, applies defaults, and validates.",server/internal/config/config.go:Decode/ApplyDefaults/Validate; server/internal/config/config_test.go,Run config tests for unknown fields/defaults/validation.,documented,passed,,not-needed,not-needed,"Validated by `cd server && go build ./... && go vet ./... && go test -count=1 ./...`, `just test-all`, and Docker build server-stage tests. Validated by `zig build test`, `zig build check`, `zig build -Denable-tui=false`, and `just test-all` (130 C/unit + 36 CLI contract tests passed).",covered,,,,,,,,
CONFIG-002,Config,AI provider configuration,"As an operator, I want AI providers configured by type/base URL/key env/model allowlist/defaults with safe rate limits.",ApplyDefaults fills OpenAI/Anthropic base URLs and limits; ValidateAI checks providers/models/key env names.,server/internal/config/config.go:AIConfig/ApplyDefaults/ValidateAI; server/internal/api/ai.go,Run config and API tests with provider fixtures.,documented,passed,,not-needed,not-needed,"Validated by `cd server && go build ./... && go vet ./... && go test -count=1 ./...`, `just test-all`, and Docker build server-stage tests. Validated by `zig build test`, `zig build check`, `zig build -Denable-tui=false`, and `just test-all` (130 C/unit + 36 CLI contract tests passed).",covered,,,,,,,,
CONFIG-003,Config,warehouse query configuration,"As an operator, I want warehouse queries to be named, parameterized, read-only, and row-limited.","ValidateWarehouse checks query names, params, SELECT-only SQL, max rows, and allowed param types.",server/internal/config/config.go:WarehouseConfig/ValidateWarehouse; server/internal/api/warehouse.go,Run warehouse config tests for valid/invalid SQL/params.,documented,passed,,not-needed,not-needed,"Validated by `cd server && go build ./... && go vet ./... && go test -count=1 ./...`, `just test-all`, and Docker build server-stage tests. Validated by `zig build test`, `zig build check`, `zig build -Denable-tui=false`, and `just test-all` (130 C/unit + 36 CLI contract tests passed).",covered,,,,,,,,
INSTALL-001,Install,systemd service asset,"As a Linux operator, I want a systemd unit for quickd so the host daemon runs under service management.",Install asset defines openquick.service for quickd.,install/systemd/openquick.service; README.md:Quickstart,Review/install in disposable VM or unit linter.,documented,static-pass,,not-needed,not-needed,"Validated by static file/source checks plus build/test references. Checked install/systemd, Caddy, cloudflared, and Tailscale example files exist; Docker runtime also exercised packaged binaries.",covered,,,,,,,,
INSTALL-002,Install,Caddy/Tailscale/Cloudflare examples,"As an operator, I want example edge configs for Caddy, Caddy on-demand TLS, cloudflared, and Tailscale Serve.","Install directory contains example Caddyfile, on-demand Caddyfile, cloudflared config, and tailscale serve script.",install/caddy/Caddyfile.example; install/caddy/Caddyfile.ondemand.example; install/cloudflared/config.example.yml; install/tailscale/serve.example.sh,Static review plus smoke with generated config where tools are available.,documented,static-pass,,not-needed,not-needed,"Validated by static file/source checks plus build/test references. Checked install/systemd, Caddy, cloudflared, and Tailscale example files exist; Docker runtime also exercised packaged binaries.",covered,,,,,,,,
EXAMPLES-001,Examples,example sites,"As a learner, I want blank, realtime-vote, and uploads example sites so I can copy working patterns.",examples/sites include quick.json and index.html for blank/realtime-vote/uploads.,examples/sites/blank; examples/sites/realtime-vote; examples/sites/uploads,Serve each example in dev mode and exercise visible controls/API calls.,documented,static-pass,,not-needed,not-needed,Validated by static file/source checks plus build/test references. Checked all example site index.html and quick.json files exist; generated/init/container sites covered runtime behavior.,covered,,,,,,,,
SKILL-001,Agent skill,OpenQuick deploy skill,"As an AI agent user, I want a packaged OpenQuick deploy skill so agents can deploy/manage sites following project rules.",skills/openquick-deploy contains SKILL.md and references; build script packages openquick-deploy.skill.,skills/openquick-deploy/SKILL.md; skills/build.sh; skills/openquick-deploy.skill,Run skill packaging/build script and inspect generated skill archive/reference docs.,documented,static-pass,,not-needed,not-needed,Validated by static file/source checks plus build/test references. Ran `skills/build.sh /tmp/openquick-deploy.skill` successfully without mutating the committed package.,covered,,,,,,,,
QA-INFRA-001,QA/test harness,isolated CLI contract tests,"As a maintainer, I want CLI contract tests to ignore my personal OpenQuick config so test results are deterministic on any workstation.",Tests that expect an empty profile/local state set XDG_CONFIG_HOME to a fresh temporary directory before invoking the quick binary.,test/cli_contract_cases.c:test_openquick_site_workflow_contracts; src/core/profile_config.c:quick_profile_config_default_path; `zig build test` output,Run `zig build test` on a workstation with ~/.config/openquick/config.json containing a default profile and local deployment state.,documented,failed,"Before the fix, the workflow contract inherited ~/.config/openquick/config.json, so `quick list --json` returned the developer machine nebula-lifecycle row and failed the expected `""sites"":[]` assertion.",fixed,passed,"Patched test_openquick_site_workflow_contracts to create temp XDG_CONFIG_HOME and pass it to init/deploy/open/list/doctor subprocesses; `zig build test` passes. | Final retest evidence: `just test-all`, `zig build terminal-test`, Docker build, and container smoke passed after the isolation fix.",covered,,,,,,,,
CLI-UX-001,CLI UX,unknown command diagnostics and suggestions,"As a command-line user, I want unknown commands to fail with an actionable error and a safe nearest-command suggestion so I can recover from typos.","Unknown commands exit nonzero, include `--help` guidance, suggest close visible commands, avoid suggestions for far-off tokens, and never suggest hidden commands such as `menu`.",src/main.c:unknown command suggestion path; src/cli/commands.c command metadata; test/cli_contract_cases.c unknown command tests,"Run CLI contract tests for actionable error, closest suggestion, no far-token suggestion, and no hidden-command suggestion.",documented,passed,,not-needed,not-needed,"Validated by `zig build test`, `just test-all`, and Docker build CLI contract tests.",covered,,,,,,,,
CLI-HEADLESS-001,CLI/headless,JSON request over stdin,"As an automation client, I want to send a headless JSON request on stdin so I can dispatch quick commands without terminal parsing heuristics.","When stdin is piped, the CLI forces JSON output, parses a request object into command/args/flags, dispatches the command, and rejects empty or malformed stdin with a JSON error.",src/main.c:app_run_headless_json; src/core/request_json.c; test/cli_contract_cases.c headless JSON tests,Run CLI contract tests for JSON request dispatch and empty-stdin rejection.,documented,passed,,not-needed,not-needed,"Validated by `zig build test`, `just test-all`, and Docker build CLI contract tests.",covered,,,,,,,,
GAP-QA-001,QA/test harness,test isolation from user config,"As a maintainer, I want workflow contract tests to ignore my personal OpenQuick config so the suite is deterministic on any workstation.",CLI contract tests that expect empty profile/local state run with an isolated config home instead of ~/.config/openquick.,Gap audit against existing covered row QA-INFRA-001 and current product UX; not a restatement of existing row.,"Acceptance criteria in `acceptance_criteria` must be exercised by focused unit/integration/CLI/TUI tests and, where applicable, smoke tests.",implemented,failed,"Before the fix, the workflow contract inherited ~/.config/openquick/config.json and `quick list --json` returned a real nebula-lifecycle row instead of an empty list.",fixed,passed,"Implemented in `test/cli_contract_cases.c`; validated by `zig build test`, `just test-all`, Docker build, and container smoke. | Validation after this continuation: `cd server && go build ./... && go vet ./... && go test -count=1 ./...`, `zig build test`, `zig build terminal-test`, `cd sdk/js && bun test && bun run build`, and `just test-all` passed.",gap,QA-INFRA-001,isolated CLI contract tests,safety-recovery,P0,Maintainer running tests on a configured workstation,"Without isolation, tests fail or pass based on private machine state, blocking reliable releases.","Given ~/.config/openquick/config.json contains a default profile and deployment record, when `zig build test` runs, then the OpenQuick workflow contract still sees `""sites"":[]` for its isolated temp case and all CLI contract tests pass.",done
GAP-QD-VERIFY-001,quickd CLI,optional-signature release verification,"As a host operator using default unsigned releases, I want `quickd releases verify` to verify file integrity without requiring signatures unless signing is required.","When deploy.signing.required is false, unsigned manifests pass signature checks but still verify file count, byte count, and content hash; when signatures are present or required they are validated.",Gap audit against existing covered row QD-CLI-007 and current product UX; not a restatement of existing row.,"Acceptance criteria in `acceptance_criteria` must be exercised by focused unit/integration/CLI/TUI tests and, where applicable, smoke tests.",implemented,failed,Temp-root quickd admin smoke found `quickd releases verify` returned ok=false with `manifest is unsigned` for a default release.,fixed,passed,"Implemented in `server/internal/deploy/deploy.go`; regression in `server/internal/deploy/deploy_test.go`; validated by server tests, admin smoke, `just test-all`, Docker build, and container smoke. | Validation after this continuation: `cd server && go build ./... && go vet ./... && go test -count=1 ./...`, `zig build test`, `zig build terminal-test`, `cd sdk/js && bun test && bun run build`, and `just test-all` passed.",gap,QD-CLI-007,releases verification,safety-recovery,P0,Host operator,"Default installs could not use release verification successfully unless signing was enabled, making the verifier look broken.","Given a default unsigned release, `quickd releases verify --site demo` returns ok true; given deploy.signing.required true and an unsigned release, verify fails with an unsigned-manifest error; given a signed release that is tampered, verify fails.",done
GAP-HTTP-STATIC-001,HTTP static,custom 404 page,"As a site viewer, I want a site-authored `404.html` to appear for missing static routes so I get useful recovery links instead of a generic server page.","When a release contains `404.html` and no SPA fallback handles the missing path, quickd serves that file with HTTP 404 for GET and HEAD, preserves hardening, and does not expose dotfiles or symlink escapes.",Gap audit against existing covered row HTTP-STATIC-005 and current product UX; not a restatement of existing row.,"Acceptance criteria in `acceptance_criteria` must be exercised by focused unit/integration/CLI/TUI tests and, where applicable, smoke tests.",implemented,passed,,not-needed,not-needed,"Implemented in `server/internal/static/static.go`; covered by `TestCustom404PageAndDirectoryListingOrder`; focused static tests pass. | Validation after this continuation: `cd server && go build ./... && go vet ./... && go test -count=1 ./...`, `zig build test`, `zig build terminal-test`, `cd sdk/js && bun test && bun run build`, and `just test-all` passed.",gap,HTTP-STATIC-005,static files and SPA fallback,missing-state,P1,Site viewer,"A missing route shows a generic server 404 instead of the site-authored missing page, hurting navigation and trust.","Given a site release with `404.html`, when I request `/missing`, then the response status is 404 and the body is the custom page; when I send HEAD, then status is 404 and the body is empty; when a SPA fallback is configured, SPA fallback still takes precedence.",done
GAP-HTTP-STATIC-002,HTTP static,stable directory listing order,"As a viewer browsing a directory listing, I want directories and files sorted predictably so I can find content without guessing filesystem order.",Directory listings sort directories before files and sort names case-insensitively within each group while still hiding dotfiles and symlink escapes.,Gap audit against existing covered row HTTP-STATIC-007 and current product UX; not a restatement of existing row.,"Acceptance criteria in `acceptance_criteria` must be exercised by focused unit/integration/CLI/TUI tests and, where applicable, smoke tests.",implemented,passed,,not-needed,not-needed,"Implemented in `server/internal/static/static.go`; covered by `TestCustom404PageAndDirectoryListingOrder`; focused static tests pass. | Validation after this continuation: `cd server && go build ./... && go vet ./... && go test -count=1 ./...`, `zig build test`, `zig build terminal-test`, `cd sdk/js && bun test && bun run build`, and `just test-all` passed.",gap,HTTP-STATIC-007,apex/directory page and directory listings,discoverability,P2,Site viewer browsing a folder,Unsorted filesystem order makes directory listings feel random and hard to scan as files grow.,"Given a directory with `a-dir/`, `z-dir/`, `A.txt`, `readme.txt`, and `z.txt`, the rendered listing appears in that order and excludes hidden files.",done
GAP-API-UPLOADS-001,Host API,HEAD for uploaded objects,"As browser code, I want `HEAD /_quick/uploads/:id` to check an upload without downloading the body.","The uploads handler accepts HEAD for existing upload IDs, returns the same safe headers as GET, returns no body, and keeps authentication/site scoping unchanged.",Gap audit against existing covered row API-005 and current product UX; not a restatement of existing row.,"Acceptance criteria in `acceptance_criteria` must be exercised by focused unit/integration/CLI/TUI tests and, where applicable, smoke tests.",implemented,passed,,not-needed,not-needed,"Implemented in `server/internal/api/handler.go`; covered by `TestUploadHeadChecksStoredObject`; focused API tests pass. | Validation after this continuation: `cd server && go build ./... && go vet ./... && go test -count=1 ./...`, `zig build test`, `zig build terminal-test`, `cd sdk/js && bun test && bun run build`, and `just test-all` passed.",gap,API-005,uploads,missing-state,P2,Browser app checking an uploaded file,"Apps must download a file just to confirm it exists or inspect metadata, wasting bandwidth.","Given an uploaded text file, when a same-site authenticated caller sends HEAD to its upload URL, then the response is 200, has text/plain content type, and contains no body; missing IDs still return not found.",done
GAP-CLI-CONFIG-001,CLI,resolved config/profile introspection,"As an operator, I want a command to show the resolved config/profile/target with source precedence so I can confirm where commands will run before mutating anything.","`quick config show --json` or equivalent prints config file path, active profile, site, remote, root, domain/base URL, and source for each resolved value without exposing secrets.","Added `quick config show` command in `src/cli/commands.c` and `src/cli/commands_openquick.c`; updated `opencli.json`, `README.md`, and `docs/design/WORKFLOW.md`.",CLI contract covers help and `quick config show --json --profile lab --site lunch-vote --subdomain lunch-vote` with env-sourced remote/domain; `zig build test` passes.,implemented,passed,,not-needed,not-needed,"Implemented resolved config/profile/target introspection with JSON/human output, config path, site/profile/subdomain/remote/root/domain/base URL/URL/IAP, and source-precedence metadata. Validated via OpenCLI contract and CLI tests.",gap,CLI-GLOBAL-004,config path override,settings,P1,Operator debugging multiple profiles,"Users cannot easily tell which profile, config file, env var, or quick.json value won, causing deploys to target the wrong host.","With flags, env vars, quick.json, and profile config set, the command reports the final value and source for each deploy-relevant field; secrets are redacted; exit is nonzero for invalid config.",done
GAP-CLI-INIT-001,CLI init,safe init into non-empty/existing directories,"As a site creator with an existing static folder, I want init to show conflicts and support a deliberate adopt/force flow so OpenQuick metadata can be added safely.","Init detects existing files, lists exact conflicts, writes only missing metadata in adopt mode, and requires an explicit flag before overwriting generated files.","Added `quick init --adopt`, conflict preflight in `src/cli/commands_init.c`, core adopt-safe writing in `src/core/ops.{h,c}`, and updated `opencli.json`.","CLI contract verifies re-init reports exact conflicts and `--adopt`, then `quick init --adopt` succeeds without overwriting existing files; `zig build test` passes.",implemented,passed,,not-needed,not-needed,Implemented safe init conflict detection and adopt mode: normal init refuses existing scaffold paths before writing anything and lists conflicts; adopt mode writes only missing OpenQuick metadata.,gap,CLI-INIT-001,initialize current directory,incomplete-flow,P1,Site creator importing an existing static folder,Users with existing HTML folders cannot safely adopt OpenQuick without guessing what will be overwritten.,"Given a folder with index.html, `quick init` reports the conflict and does not overwrite it; `quick init --adopt` writes quick.json/AGENTS/docs without changing index.html; `--force` overwrites only documented generated files.",done
GAP-CLI-INIT-002,CLI init,template discovery,"As a first-time creator, I want to list available templates and preview their purpose before choosing one.","`quick init --template list` or `quick templates` prints template names, descriptions, generated files, and whether SDK APIs are demonstrated.","Implemented `quick templates` and `quick init --template list` in `src/cli/commands_init.c`; registered command/options in `src/cli/commands.c`, updated `opencli.json`, README, and workflow docs.","CLI contract verifies template list includes blank/realtime and sdk_demo metadata, and invalid `--template realtim` suggests realtime plus list commands; `zig build test` passes.",implemented,passed,,not-needed,not-needed,"Implemented template discovery and invalid-template suggestions with names, descriptions, generated files, and SDK demo flags in human/JSON modes.",gap,CLI-INIT-003,blank template,discoverability,P2,First-time site creator,Users must know template names in advance and cannot discover bundled examples from the CLI.,The list includes blank and realtime; invalid template errors suggest the closest valid template and how to list them.,done
GAP-CLI-INIT-003,CLI init,first-run profile/onboarding guidance,"As a new user, I want init output and generated docs to guide me to local preview and host setup when no profile exists.","If no default profile exists, init output includes `quick serve --dev`, `quick serve install`, and `quick deploy --dry-run` next steps; generated AGENTS/docs explain unbound state.",Updated init CLI output in `src/cli/commands_init.c` and scaffold agent guide in `src/core/ops.c`.,"CLI contract verifies first-run init output includes `quick serve --dev`, `quick serve install --profile`, and `quick deploy --dry-run`; scaffold docs include the same guidance; `zig build test` passes.",implemented,passed,,not-needed,not-needed,"Implemented first-run onboarding: unbound init output points to local dev preview, host install, and dry-run deploy; generated AGENTS.md includes the local preview and host install loop. JSON includes first_run_guidance.",gap,CLI-INIT-006,generated agent/API docs,first-run-onboarding,P1,First-time user,"After scaffolding, unbound users may not know how to preview locally or create a host profile.","With isolated empty config, `quick init demo --plain` prints local preview and host setup next steps; with a default profile, it still prints deploy next steps without noise.",done
GAP-CLI-DEPLOY-001,CLI deploy,rollback bad deploy,"As a deployer, I want to roll a site back to the previous or selected release so I can recover quickly after publishing a broken site.","CLI and quickd expose rollback that lists candidate releases, requires confirmation for mutation, swaps current atomically, records audit, and reports the restored URL/release.","Implemented rollback across `server/internal/deploy/deploy.go`, `server/cmd/quickd/main.go`, `src/core/ops.{h,c}`, `src/cli/commands*.c`, `opencli.json`, `README.md`, and `docs/design/WORKFLOW.md`.",Regression tests: `TestRollbackSwitchesCurrentAndRecordsAudit`; CLI contract fake-SSH rollback confirmation/json path; full `zig build test`.,implemented,passed,,not-needed,not-needed,"Implemented rollback command for quickd and quick CLI: defaults to previous release or `--to <release>`, requires CLI typed confirmation unless `--yes`, atomically swaps current/previous, verifies target release, records rollback audit as `rollback:<deployer>`, updates OpenCLI contract/docs. Validated by deploy package tests and `zig build test`.",gap,CLI-DEPLOY-004,folder deploy via SSH and rsync,safety-recovery,P0,Deployer recovering production site,"A bad deploy cannot be reverted with the product, leaving users to manually edit symlinks on the host.","Given two releases, `quick rollback SITE --to RELEASE --yes --json` makes current point at RELEASE, preserves the replaced release as previous, records deployer/audit metadata, and the site serves the old content.",done
GAP-CLI-DEPLOY-002,CLI deploy,cleanup cancelled/failed staging,"As a deployer, I want cancelled or failed deploys to clean up staging or clearly tell me what remains.","On cancellation/failure after prepare, the CLI asks quickd to remove incoming staging when safe, and reports cleanup success/failure.",Implemented `quickd deploy cleanup`/`Service.CleanupIncoming` plus CLI deploy cleanup attempts after prepared-staging failures/cancellations in `src/core/ops.c` and failure reporting in `src/cli/commands_deploy.c`.,Service test verifies cleanup removes prepared `.incoming/<deploy_id>`; CLI contract simulates rsync transfer failure after prepare and verifies cleanup command succeeds and output reports cleaned staging; focused Go tests and `zig build test` pass.,implemented,passed,,not-needed,not-needed,"Implemented remote staging cleanup after prepare when overwrite confirmation aborts, cancellation occurs before/after transfer, transfer/extract fails, or activation fails. Cleanup failure messages include remaining staging path and exact cleanup command.",gap,CLI-DEPLOY-004,folder deploy via SSH and rsync,safety-recovery,P1,Deployer cancelling a deploy,Cancelled deploys can leave incoming staging directories that confuse operators or waste disk.,Simulate cancellation after prepare: staging is removed or output includes the exact cleanup command/path; a later deploy is unaffected.,done
GAP-CLI-DEPLOY-003,CLI deploy,dry-run transfer diff summary,"As a deployer, I want dry-run to summarize files added, changed, deleted, excluded, and total bytes so I can review before publishing.",Dry-run produces a bounded human summary and full JSON detail from rsync dry-run/planning without activating a release.,"Implemented dry-run transfer diff summary in `src/cli/commands_deploy.c`, persisted successful deploy manifests under `.quick/deployments/<profile>.manifest`, and documented behavior in README/workflow docs.","CLI contract creates a prior manifest plus new/changed/deleted/excluded paths; JSON dry-run asserts added/changed/deleted/excluded arrays, and human dry-run asserts destructive delete warning; `zig build test` passes.",implemented,passed,,not-needed,not-needed,"Implemented local transfer diff summary for dry-run: added, changed, deleted, and excluded path categories; human output highlights destructive deletes and JSON exposes category arrays/counts for automation.",gap,CLI-DEPLOY-003,dry run,incomplete-flow,P1,Deployer reviewing changes before publish,Dry-run output says what command would run but not which files/delete/size changes matter.,"For a site with one new file, one changed file, one excluded .env, and one deletion, dry-run JSON reports each category and the human output calls out destructive deletes.",done
GAP-CLI-DEPLOY-004,CLI deploy,retry transient transfer errors,"As a deployer, I want transient prepare/transfer/activate failures to include retry guidance and safe retry behavior.","Deploy distinguishes transient connection failures from validation failures, preserves idempotent safety, and suggests retry or cleanup.","Implemented CLI transient transfer failure guidance in `src/cli/commands_deploy.c`, with transfer phase reporting, cleanup status, and retry guidance; core cleanup was already in deploy failure path.","CLI contract fake rsync exits with `network down`; assertions cover stderr containing network error, `phase transfer`, cleanup success, and `rerun quick deploy`; `zig build test` passes.",implemented,passed,,not-needed,not-needed,"Implemented actionable retry output for transient transfer failures: failed phase, cleanup result, and clear rerun guidance when staging was cleaned.",gap,CLI-DEPLOY-004,folder deploy via SSH and rsync,missing-state,P2,Deployer on unstable network,A transient SSH/rsync failure forces the user to restart without guidance.,"When rsync exits with a network error, output identifies transfer phase, says whether staging was cleaned, and a second deploy can succeed without manual host repair.",done
GAP-CLI-SERVE-001,CLI serve,port-in-use recovery,"As a local developer, I want `quick serve --dev` to explain port conflicts and suggest another port.","Port bind failures detect address-in-use, mention the occupied port, and suggest `--port` with a free candidate; JSON includes error code `port_in_use`.",Implemented listen error handling in `server/cmd/quickd/main.go` for dev server bind failures.,Regression test `TestServeDevPortInUseSuggestsRecovery` reserves a loopback port and verifies the error names address-in-use and suggests `quick serve --dev --port`; focused Go test passes.,implemented,passed,,not-needed,not-needed,"Implemented friendly port-in-use recovery for quickd dev serving: pre-listens to detect EADDRINUSE, reports occupied port, and suggests a free `quick serve --dev --port` alternative plus direct quickd --listen form.",gap,CLI-SERVE-001,local dev server,error-state,P1,Local site developer,"If the dev port is occupied, users get a low-level bind error rather than a next action.","Start a listener on 9366, run serve dev, and assert the error names port 9366 and suggests a replacement.",done
GAP-CLI-LIST-001,CLI list,search/filter/sort large site lists,"As an operator with many sites, I want list to sort/filter/search by name, profile, public flag, stale state, and deployer.",`quick list` supports stable sort and filters in human and JSON modes without changing default output shape unexpectedly.,"Implemented list view filtering/sorting in `src/cli/commands_list.c`, added `--filter`/`--sort` command metadata in `src/cli/commands.c`, regenerated `opencli.json`, and updated README/workflow docs.",CLI contract fake remote returns mixed rows; `quick list --remote --filter demo --sort updated --json` asserts filter metadata and excludes non-matching zeta row; `zig build test` passes.,implemented,passed,,not-needed,not-needed,"Implemented deterministic list filtering and sorting across parsed local/remote rows; JSON now includes filter query, sort key, total, and matched counts.",gap,CLI-LIST-002,remote site records,discoverability,P2,Operator with many sites,Large host lists become hard to scan and scripts must do extra filtering.,"Given mixed local/remote rows, filters return only matching rows, sort order is deterministic, and JSON includes applied filter metadata.",done
GAP-CLI-LIST-002,CLI list,remote error state alongside local data,"As an operator, I want list to show local data plus a clear remote-error state when the host cannot be reached.","Remote failures set remote_ok false, include phase/error/remediation in JSON, and mark local rows stale in human output.","Added remote error fields to `quick_list_result_t`/`quick_op_list` and emitted `remote_ok`, `remote_requested`, and `remote_error` in `src/cli/commands_list.c`.","CLI contract fake-SSH test verifies `quick list --remote --json` exits successfully with local/empty data plus `remote_ok:false`, `remote_error`, and `sites`; `zig build test` passes.",implemented,passed,,not-needed,not-needed,Implemented non-fatal remote list failures with phase/error/remediation metadata; JSON preserves local/empty site data and human output prints stale/remediation details.,gap,CLI-LIST-002,remote site records,error-state,P1,Operator checking host state while offline,"When remote listing fails, users need to know local rows may be stale instead of seeing silence or partial truth.","With fake ssh failure, list exits according to documented policy and JSON includes remote_requested true, remote_ok false, error detail, and any local rows marked stale.",done
GAP-CLI-DELETE-001,CLI delete,recover recently deleted site,"As an operator, I want a short recovery window or explicit archive for deleted sites so accidental deletion can be reversed.","Delete moves site data to a time-limited trash/archive or emits a restorable backup path, and a restore command can recover it before purge.","Implemented delete archive/restore in `server/internal/deploy/deploy.go`, `quickd sites restore|purge`, top-level `quick restore`, OpenCLI contract, README, and workflow docs.","Deploy service test deletes to archive, restores current release/catalog, and purges an archive; CLI contract verifies delete JSON includes archive and `quick restore --from ... --yes --json` restores; focused Go tests and `zig build test` pass.",implemented,passed,,not-needed,not-needed,"Implemented recovery for mistaken deletes: delete moves site/uploads into `.trash/sites/<site>-<timestamp>`, reports archive path and restore command, `quick restore`/`quickd sites restore` restores files and catalog, and quickd purge permanently removes an archive.",gap,CLI-DELETE-001,remote site deletion confirmation,safety-recovery,P1,Operator recovering accidental deletion,Typed confirmation reduces accidents but does not help after a mistaken deletion.,"After `quick delete demo --yes`, `quick restore demo --from <archive>` restores current release/catalog; purge permanently removes the archive.",done
GAP-CLI-PUBLIC-001,CLI public,actionable public scan findings,"As an operator, I want public-static scan failures to list file paths and matched patterns so I can fix them safely.",Public-on and public-site deploy failures include bounded scan findings in human/JSON output without leaking file contents.,"Implemented with `scan.FormatFindings`, `deploy.validatePublicRelease`, and `quickd sites public` error path in `server/cmd/quickd/main.go`.","Regression tests: `TestFormatFindings`, public deploy rejection assertion in deploy tests, and `TestSitesPublicReportsScanFindings`.",implemented,passed,,not-needed,not-needed,Implemented actionable scan findings for public-static enable/deploy failures; errors include bounded `file matched pattern` details. Focused Go tests pass.,gap,CLI-PUBLIC-002,enable public-static with scan,validation-messages,P1,Operator making a site public,"Public enable/deploy rejection can say only that APIs are used, leaving users to hunt through files.","Given a release with `fetch(""/_quick/identity"")`, `quick public SITE on --json` returns status/fail with findings including file and pattern; human output shows remediation.",done
GAP-CLI-DOMAIN-001,CLI domain,DNS/TLS readiness check,"As an operator, I want domain add/list to show DNS and TLS readiness so I know when the domain can be used.","Domain commands optionally check DNS target, Caddy ask endpoint, and HTTPS reachability; JSON includes pending/ok/fail statuses.",Implemented domain readiness payloads in `server/cmd/quickd/main.go`; `quickd domains list` now returns each domain with DNS/TLS readiness and remediation. README/workflow docs updated.,"Go unit test injects DNS lookup success and failure into readiness assessment, asserting ok status for mapped host and fail/remediation for missing host; `cd server && go test -count=1 ./cmd/quickd` passes.",implemented,passed,,not-needed,not-needed,Implemented host-side domain readiness metadata: DNS success returns ok with addresses; DNS failure returns fail with remediation and pending TLS.,gap,CLI-DOMAIN-002,add custom domain,missing-state,P2,Operator adding a domain,Adding a domain to the catalog does not tell the user whether DNS and TLS are ready.,"For a domain with no DNS, list shows pending/fail with remediation; for a mapped test host, status is ok.",done
GAP-TUI-SETTINGS-001,TUI,unsaved settings warning,"As an interactive operator, I want a warning before leaving edited settings that have not been written.","Profile and site config screens track dirty state, mark unsaved fields, and confirm before Back/Esc/Exit discards changes.",Implemented dirty profile tracking and unsaved-changes decision menu in `src/tui/tui_screen_config.c`; documented TUI behavior in README and workflow docs.,"Ghostty VT terminal scenario edits a profile ssh field, backs out, verifies `UNSAVED PROFILE CHANGES`, chooses cancel, verifies the edit remains, then discards; `zig build terminal-test` passes.",implemented,passed,,not-needed,not-needed,Implemented unsaved profile warning with save/discard/cancel; cancel returns to the editor with the in-memory edit intact.,gap,TUI-007,Settings profile editor,unsaved-changes,P1,Interactive operator editing settings,Users can navigate away after editing in-memory settings without realizing changes were not written.,"Edit a profile field, press Back, and assert the TUI asks to save/discard/cancel; choosing cancel returns to the editor with the edit intact.",done
GAP-TUI-DEPLOY-001,TUI,deploy cancel cleanup status,"As an interactive deployer, I want cancelling a deploy to report whether remote staging was cleaned and what to do next.","TUI cancel sets the deploy cancel flag, attempts safe cleanup if prepared, and shows cleanup result/remediation.",Implemented TUI deploy cancellation cleanup messaging in `src/tui/tui_screen_deploy.c`; mapped rsync 130/143 transfer exits to cancellation in `src/core/ops.c`; added terminal fake harness coverage and docs.,"Ghostty VT fake harness makes first rsync return 130 after prepare, asserts `DEPLOY CANCELLED` plus `remote staging cleaned`, then reruns deploy and asserts `DEPLOY COMPLETE`; `zig build terminal-test` passes.",implemented,passed,,not-needed,not-needed,Implemented cancelled deploy modal with cleanup status/path. Transfer cancellation exits now trigger cleanup and a retry can deploy successfully in the TUI harness.,gap,TUI-003,Deploy screen,safety-recovery,P1,Interactive deployer cancelling progress,The TUI can cancel progress but users need clear cleanup status and retry safety.,"Cancel during transfer in a fake harness; modal says cancelled, staging cleaned or exact path remains, and a follow-up deploy succeeds.",done
GAP-TUI-A11Y-001,TUI,accessible non-fullscreen fallback,"As a screen-reader user, I want every TUI action to have an equivalent plain CLI path advertised from the TUI/help.",Help/About and screen footers list CLI equivalents for current actions; docs explain headless/no-TUI workflow.,Added CLI-equivalent command hints to TUI main menu descriptions and Help keybindings in `src/tui/tui_app.c`; README/workflow docs updated.,Ghostty VT test asserts main menu exposes `CLI: quick list --remote` and Help includes `CLI equivalents`; `zig build terminal-test` passes.,implemented,passed,,not-needed,not-needed,Implemented discoverable non-fullscreen fallback commands in TUI menu/help so workflows can be continued via CLI without mouse/color dependence.,gap,TUI-001,main menu navigation,accessibility,P2,Keyboard/screen-reader user,Full-screen terminal UI may be hard for screen readers even when CLI commands exist.,"In TUI help and each major screen, the user can discover the matching CLI command without using mouse or color.",done
GAP-QD-RELEASES-001,quickd CLI,release history listing,"As a host operator, I want quickd to list releases with current/previous markers, deployer, time, files, bytes, and verification status.",`quickd releases list --site SITE --json` returns ordered release metadata and verification summaries; human output is stable.,"Implemented `Service.ListReleases`, `store.DeploysForSite`, and `quickd releases list --site SITE --json` in `server/internal/deploy`, `server/internal/store`, and `server/cmd/quickd/main.go`.",Regression tests: deploy rollback/history test checks current/previous/deployer/created_at/verification; quickd command test `TestReleasesListCommandReportsHistory`; focused Go tests pass.,implemented,passed,,not-needed,not-needed,"Implemented release history listing with ordered release records, current/previous markers, latest deployer/audit time per release, and verification status/summary.",gap,QD-CLI-007,releases verification,discoverability,P1,Host operator auditing releases,Verify can check releases but users cannot list release history without filesystem access.,"After three deploys, releases list marks current and previous, includes metadata from manifests/store, and supports selecting a release for rollback.",done
GAP-QD-AUDIT-001,quickd CLI,export audit log,"As a host operator, I want to export deploy/domain/public/admin audit events for review.","An admin audit command streams JSONL/CSV with time, actor, action, site, release/domain, and source metadata.","Added `audit_events` storage, redacting `RecordAudit`/`ExportAudit`, mutation hooks for deploy/public/domain/delete in `server/internal/store/store.go`, and `quickd audit export --json` in `server/cmd/quickd/main.go`.","Go test performs deploy, public, domain, and delete actions, exports audit JSON, asserts chronological actions and secret-like SSH key metadata redaction; `cd server && go test -count=1 ./cmd/quickd ./internal/store` passes.",implemented,passed,,not-needed,not-needed,Implemented host audit export with chronological events and secret-like metadata redaction.,gap,QD-CLI-008,admin stats,safety-recovery,P2,Security-conscious host operator,Stats show recent deploys but not a complete exportable audit trail.,"After deploy/domain/public/delete actions, audit export contains each event in chronological order and redacts secrets.",done
GAP-HTTP-STATIC-003,HTTP static,precompressed asset serving,"As a viewer, I want precompressed `.br`/`.gz` assets to be served when my browser supports them.","If `app.js.br` or `app.js.gz` exists and Accept-Encoding allows it, quickd serves it with Content-Encoding, correct Vary, and the original content type.","Implemented precompressed static asset negotiation in `server/internal/static/static.go` for `.br`/`.gz`, setting `Content-Encoding` and `Vary: Accept-Encoding`; docs updated.","Static handler test writes `app.js.br`, requests `Accept-Encoding: br, gzip`, asserts br body/header/Vary, then requests without encoding and asserts fallback to original; `cd server && go test -count=1 ./internal/static` passes.",implemented,passed,,not-needed,not-needed,Implemented precompressed asset serving with brotli preferred over gzip and normal fallback when no accepted variant exists.,gap,HTTP-STATIC-005,static files and SPA fallback,performance,P2,Site viewer on slow network,Large static assets are sent uncompressed unless the edge handles them.,"Request `/app.js` with `Accept-Encoding: br`; response serves `/app.js.br`, sets `Content-Encoding: br`, `Vary: Accept-Encoding`, and falls back when absent.",done
GAP-HTTP-STATIC-004,HTTP static,friendly permission/error pages,"As a viewer, I want site-branded or at least useful error pages for denied and unavailable content.","403/401/500 paths can use safe site error pages or a consistent OpenQuick page with recovery links, while preserving status codes.","Implemented friendly forbidden static error handling in `server/internal/static/static.go`, including optional site `403.html` and a generic no-leak OpenQuick fallback page with home recovery link; README documents `403.html`/`404.html`.","`cd server && go test -count=1 ./internal/static` covers symlink escape returning 403 with fallback recovery link, custom site `403.html`, no leaked outside path, and existing custom 404 behavior.",implemented,passed,,not-needed,not-needed,Implemented friendly 403 static pages while preserving status codes and avoiding filesystem path leakage.,gap,HTTP-STATIC-006,path and symlink hardening,permission-denied,P3,Site viewer hitting denied content,Forbidden/not found errors are plain server text and do not help viewers navigate back.,Request a symlink escape and receive 403 with no leaked path details plus a recovery link or site 403 page.,done
GAP-IDENTITY-001,Identity,friendly permission denied state,"As a viewer denied by identity policy, I want a clear permission-denied page or JSON error explaining the next step.",Browser navigation receives a non-leaky HTML page for static/directory requests; API requests receive structured JSON with code and remediation.,Implemented friendly permission-denied renderer in `server/internal/static/static.go` for browser/static/directory requests while preserving JSON for `/_quick/*` APIs.,Static handler test verifies non-loopback denied browser navigation gets a non-leaky HTML access page and API path gets structured JSON; focused static tests pass.,implemented,passed,,not-needed,not-needed,Implemented friendly access-required HTML for navigation/directory denials and kept API denials JSON with original identity error.,gap,IDENTITY-005,Cloudflare Access JWT,permission-denied,P1,Viewer outside allowed identity,"A raw unauthorized error does not tell users whether to sign in, switch accounts, or ask an admin.","Anonymous/denied static request returns 401/403 with text/html recovery page; `/_quick/*` returns JSON `{error,code,remediation}` without trusting spoofed headers.",done
GAP-API-DB-001,Host API,DB pagination,"As browser code, I want paginated document lists so large collections load predictably.","DB list accepts `limit` and cursor parameters, returns documents plus `next_cursor` and stable ordering, and enforces max limits.","Implemented DB pagination in `server/internal/store/store.go` and `server/internal/api/handler.go` with `limit`, `cursor`, stable created_at/id ordering, `next_cursor`, max limit clamp, and invalid-cursor 400 handling.",API integration test paginates DB documents across limit/cursor pages and verifies bad cursors return 400; focused Go API/store tests pass.,implemented,passed,,not-needed,not-needed,Implemented paginated document list endpoint with stable cursor-based ordering and bounded limit.,gap,API-003,DB create/list/get,end-of-list,P1,Site author with many documents,Listing all documents does not scale and gives no end-of-list marker.,"With 101 docs and limit 50, first response has 50 docs and next_cursor, second has next 50, third has 1 and no next_cursor; invalid limits return 400.",done
GAP-API-DB-002,Host API,DB filter/sort queries,"As browser code, I want safe server-side filter and sort options for simple document fields.","DB list supports a small documented query DSL with allowlisted operators, stable sort, per-site isolation, and injection-safe storage behavior.",Implemented DB list equality filtering and deterministic sort handling in `server/internal/api/handler.go`; README documents supported filter/sort keys.,"API integration test creates closed/open documents, requests `filter={""status"":""open""}&sort=-created_at`, asserts only open documents in descending order, and verifies unsupported operator returns 400; `cd server && go test -count=1 ./internal/api` passes.",implemented,passed,,not-needed,not-needed,"Implemented top-level JSON equality filters and sort keys `created_at`, `updated_at`, `id` (with `-` descending); unsupported nested/operator filters are rejected.",gap,API-003,DB create/list/get,search-filter-sort,P2,Site author building tables/search,Apps must fetch every document to filter or sort client-side.,Filter by status and sort by created_at returns only matching site documents in the requested order; unsupported operators return validation errors.,done
GAP-API-DB-003,Host API,optimistic concurrency,"As browser code, I want revision/ETag preconditions for updates so users do not lose work.",Documents include revision/updated_at tokens; PUT/PATCH/DELETE accept If-Match or revision and return 409 on stale writes.,Implemented document `revision`/ETag generation and If-Match/query revision precondition checks in `server/internal/api/handler.go`.,"API integration test verifies create returns revision/ETag, matching If-Match update succeeds, stale If-Match returns 409 `revision_mismatch`, and delete accepts current revision; focused API tests pass.",implemented,passed,,not-needed,not-needed,"Implemented optimistic concurrency for DB writes: documents expose revision, single-document responses set ETag, PATCH/PUT/DELETE honor If-Match or `revision` query, and stale writes return structured 409 conflict.",gap,API-004,DB update/patch/delete,safety-recovery,P1,Collaborative app author,Concurrent edits can overwrite each other without warning.,Two clients read a doc; client A updates; client B update with old revision gets 409 and current revision in response.,done
GAP-API-UPLOADS-002,Host API,list uploads,"As browser code, I want to list uploads with metadata so users can manage previously uploaded files.",`GET /_quick/uploads` returns paginated upload metadata scoped to site and identity policy; SDK exposes `quick.uploads.list`.,"Implemented upload listing in `server/internal/store/store.go` and `server/internal/api/handler.go`, persisted upload names, added SDK `quick.uploads.list`, rebuilt SDK and embedded copy, and updated README.","API integration test uploads two files then lists `/ _quick/uploads` metadata; SDK test verifies `uploads.list({limit,cursor})` URL, array compatibility, and `next_cursor`; server API tests and Bun SDK tests pass.",implemented,passed,,not-needed,not-needed,"Implemented paginated upload list returning ids, names, sizes, content types, created_by, created_at, URLs, and SDK list metadata.",gap,API-005,uploads,incomplete-crud,P2,Site author managing user files,Uploads can be created/read/deleted by ID but not listed for a site/user.,"After two uploads, list returns both IDs, names, sizes, content types, created_by, and supports pagination.",done
GAP-API-UPLOADS-003,Host API,upload progress/cancel/resume,"As a user uploading a large file through an OpenQuick app, I want progress and cancellation so I am not stuck waiting blindly.",SDK upload accepts progress and AbortSignal; server treats aborted uploads as cleanup candidates and returns structured errors.,"Implemented SDK upload progress stream and AbortSignal propagation in `sdk/js/src/index.ts`, rebuilt `sdk/js/dist/quick.js` and embedded `server/internal/api/sdk/quick.js`; README updated.","SDK test uploads a Blob with `onProgress` and AbortSignal, fake fetch consumes the stream, asserts raw upload path, signal propagation, and final loaded/total progress; Bun SDK tests pass.",implemented,passed,,not-needed,not-needed,"Implemented progress/cancel client behavior: `quick.uploads.put` can stream raw upload bytes, report loaded/total progress, and propagate abort signals. Server continues to create upload records only after full body save succeeds.",gap,API-005,uploads,incomplete-flow,P2,User uploading large files,"Large uploads provide no SDK progress, cancellation, or resume affordance.","A mocked upload reports progress, abort cancels the request and no completed upload record remains.",done
GAP-API-REALTIME-001,Host API,realtime reconnect/backoff,"As a collaborative app user, I want realtime subscriptions to reconnect with backoff after transient network drops.","SDK keeps subscriptions, reconnects automatically with bounded exponential backoff, emits connection state, and avoids duplicate handlers.",Implemented SDK realtime reconnection/backoff state machine in `sdk/js/src/index.ts`; rebuilt `sdk/js/dist/quick.js` and embedded `server/internal/api/sdk/quick.js`.,"Bun test uses a fake WebSocket and fake timer to verify abnormal close emits disconnected/reconnecting/connected states, schedules bounded backoff, creates a new socket, resubscribes once, and delivers later events without duplicate callbacks.",implemented,passed,,not-needed,not-needed,"Implemented realtime reconnect/backoff: SDK keeps channel subscriptions, emits connection state through `quick.realtime.onStateChange`, reconnects with bounded exponential backoff, resubscribes on open, and avoids duplicate handlers.",gap,API-006,realtime channels,offline,P1,Collaborative app user,A dropped WebSocket silently stops updates until app code manually reconnects.,"When the socket closes abnormally, SDK emits disconnected/reconnecting/connected, resubscribes existing channels, and receives later events once reconnected.",done
GAP-API-AI-001,Host API,AI cancellation and timeout,"As a browser user, I want to cancel a long AI response so I can change my prompt without waiting.",SDK chat/image accept AbortSignal; server respects request context cancellation and does not record successful audit usage for cancelled calls.,SDK request layer now converts AbortError into typed `OpenQuickError` code `aborted` and preserves abort through AI capability and chat paths in `sdk/js/src/index.ts`; embedded SDK rebuilt.,SDK test makes fetch throw AbortError during AI chat capability check and asserts rejected error is `OpenQuickError` with code `aborted`; Bun SDK tests pass. Server provider requests already use request contexts and provider timeouts.,implemented,passed,,not-needed,not-needed,Implemented typed AI abort behavior; AbortSignal remains propagated through AI fetches and server provider calls use request context/timeouts.,gap,API-008,AI chat,cancel-retry,P2,User waiting on AI output,Long AI requests cannot be cancelled cleanly from SDK affordances.,"Abort a streaming chat request; fetch is cancelled, server provider request context is cancelled, and SDK throws a typed abort error.",done
GAP-API-AI-002,Host API,rate limit retry metadata,"As an AI-enabled site user, I want rate limit errors to include retry timing and quota context.",AI rate limit responses use 429 with Retry-After and JSON code/scope/reset fields; SDK surfaces them as typed errors.,Implemented structured AI 429 responses in `server/internal/api/ai.go`.,"Regression coverage in `TestAIStreamingAnthropicAndAnonymousRateLimits` verifies Retry-After plus JSON `code`, `scope`, and `reset` for rpm and daily budget failures; focused API tests pass.",implemented,passed,,not-needed,not-needed,"Implemented Retry-After and structured JSON rate-limit/quota metadata for AI rpm and daily-budget limits: code, scope, limit, reset, retry_after, and human error.",gap,API-008,AI chat,rate-limited,P1,AI-enabled site user,Rate-limited users need to know when to retry instead of seeing a generic error.,"Exhaust per-identity rate limit; response is 429 with Retry-After and body includes code `rate_limited`, scope, and reset time.",done
GAP-API-WAREHOUSE-001,Host API,warehouse query metadata,"As browser code, I want warehouse query metadata so I can render forms and tables safely.","Capabilities or a warehouse metadata endpoint lists query names, params, max rows, and documented columns without exposing SQL.","Implemented `GET /_quick/warehouse` metadata in `server/internal/api/warehouse.go`, route support in handler, SDK `quick.warehouse.metadata`, rebuilt embedded SDK, and updated README.","Warehouse API test asserts metadata includes query name, params/max_rows/columns and omits SQL/database strings; SDK test asserts metadata surface; server API and Bun SDK tests pass.",implemented,passed,,not-needed,not-needed,Implemented warehouse query metadata without exposing SQL or database credentials; columns are derived with a zero-row query.,gap,API-010,warehouse queries,discoverability,P2,Site author building forms/tables,Apps cannot discover query params/columns without out-of-band docs.,Configured query metadata returns name/params/max_rows/columns and omits SQL/database credentials.,done
GAP-SDK-ERRORS-001,SDK,typed SDK errors,"As a site author, I want SDK errors with status, code, response body, and retry info so I can show the right UI state.","requestJson/requestChatStream throw OpenQuickError with status, code, details, retryAfter, and original cause where available.",Implemented typed SDK errors with exported `OpenQuickError` in `sdk/js/src/index.ts` and rebuilt `sdk/js/dist/quick.js` plus embedded `server/internal/api/sdk/quick.js`.,"Bun tests cover `OpenQuickError` status/code/details/retryAfter from JSON 429 responses; `bun run build`, `bun test`, and `just build-sdk` pass.",implemented,passed,,not-needed,not-needed,"Implemented typed OpenQuickError for non-OK requestJson and streaming responses, preserving status, code, parsed details, and Retry-After retry metadata.",gap,SDK-002,request errors,error-state,P1,Site author handling failures,"String-only errors force apps to parse text and cannot distinguish auth, validation, rate limit, or network failures.",Mock 401/400/429/network failures and assert catch receives typed properties without parsing message text.,done
GAP-SDK-ABORT-001,SDK,AbortSignal support across requests,"As a site author, I want SDK methods to accept AbortSignal so cancel buttons work across OpenQuick APIs.","DB, uploads, AI, warehouse, and capabilities methods accept options with signal and pass it to fetch/WebSocket where applicable.","Added `RequestOptions`/`signal` support across DB, uploads, AI chat/image, warehouse query, and capabilities calls in `sdk/js/src/index.ts`; rebuilt dist and embedded SDK.",Bun tests verify DB list passes AbortSignal through fetch; build and SDK tests pass.,implemented,passed,,not-needed,not-needed,Implemented AbortSignal pass-through for SDK fetch-based request families and stream chat fetch; realtime WebSocket remains event-based.,gap,SDK-002,request errors,cancel-retry,P1,Site author adding cancel buttons,Users cannot cancel slow DB/upload/AI actions through SDK options consistently.,A test aborts a pending DB list/upload/chat fetch and receives an AbortError/OpenQuickError marked aborted.,done
GAP-SDK-DB-001,SDK,DB list options,"As a site author, I want `collection.list({limit,cursor,filter,sort})` so list views can page and search without hand-building URLs.",SDK exposes list options and returns documents plus pagination metadata while preserving existing bare-array compatibility.,Updated `sdk/js/src/index.ts` DB list options/result types and rebuilt `sdk/js/dist/quick.js` plus embedded `server/internal/api/sdk/quick.js`.,"Bun tests verify list sends limit/cursor/filter/sort query options, preserves array compatibility, and exposes documents/next_cursor metadata; `bun run build`, `bun test`, and `just build-sdk` pass.",implemented,passed,,not-needed,not-needed,"Implemented SDK DB list options with query serialization and array-compatible pagination metadata (`documents`, `next_cursor`, `nextCursor`).",gap,SDK-004,document normalization,end-of-list,P1,Site author building list views,SDK `list()` has no parameters for pagination/filter/sort even if the server gains them.,"Existing `list()` still returns an array; `listPage({limit:50})` or documented equivalent returns `{documents,nextCursor}`.",done
GAP-CONFIG-001,Config,config doctor/explain before serve,"As a host operator, I want `quickd config check/explain` to validate config files and show defaults.","Command validates unknown fields, safety gates, AI/warehouse config, derived defaults, and redacts env-secret values.",Implemented `quickd config check` and `quickd config explain` in `server/cmd/quickd/main.go`.,"Command test `TestConfigCheckAndExplain` validates JSON check/explain output, derived defaults, and secret redaction policy; focused quickd tests pass.",implemented,passed,,not-needed,not-needed,"Implemented quickd config validation/explain command using existing strict config loader/defaults, with JSON summary of effective settings/defaults and secret redaction guidance.",gap,CONFIG-001,strict quickd config loading,validation-messages,P1,Host operator editing JSON,Strict config is safe but operators need a way to validate and explain it before restarting the daemon.,"Given valid config, check exits 0 and prints normalized defaults; given typo field, exits nonzero with path to the field and remediation.",done
GAP-INSTALL-001,Install,upgrade/backup rollback guidance,"As a host operator, I want upgrade steps to back up config/data and roll back the binary if health checks fail.","Install docs or command create timestamped backups, install new binary, run doctor/health, and restore old binary/config on failure.",Implemented `quick serve install --execute` remote backup and doctor-failure rollback in `src/cli/commands_serve.c`; README updated.,"CLI contract fake SSH/SCP simulates successful install steps and failing post-install `quickd doctor`; asserts backup path output, rollback messaging, and fake restore command invocation; `zig build test` passes.",implemented,passed,,not-needed,not-needed,Implemented remote backup of quickd binary/config/systemd unit before execute install and automatic restore with reported backup path when post-install doctor fails.,gap,INSTALL-001,systemd service asset,safety-recovery,P2,Host operator upgrading OpenQuick,Install assets do not define an upgrade rollback procedure for quickd/config/data.,Simulated failed post-install doctor leaves the previous quickd binary/config active and reports backup paths.,done
GAP-EXAMPLES-001,Examples,examples for loading/error/empty/offline states,"As a site creator, I want examples that demonstrate empty, loading, error, permission denied, rate limited, and offline states.",Example sites include accessible UI state patterns and comments for each SDK family.,"Added `examples/sites/states-demo/` with accessible loading, empty, error, permission-denied, rate-limited, and offline states; documented examples in README; added `scripts/validate-examples-states.py` and wired it into `just test-all`.","Ran `scripts/validate-examples-states.py`; validator asserts required state containers, accessibility roles, OpenQuickError handling, unhandled rejection recovery, offline detection, and no console.error/throw-based failure pattern.",implemented,passed,,not-needed,not-needed,Implemented robust UI states example and deterministic validation script.,gap,EXAMPLES-001,example sites,first-run-onboarding,P3,Site creator learning patterns,Examples show happy paths but not robust user-facing states.,Running examples in dev shows visible empty/loading/error containers and no console errors when APIs fail.,done
GAP-SKILL-001,Agent skill,agent deploy safety checklist,"As an AI agent, I want the OpenQuick deploy skill to force a pre-deploy safety checklist so risky deployments are not accidental.","Skill instructs agents to check quick.json output, secrets, public_static/IAP status, overwrite confirmation, and post-deploy smoke before reporting success.","Added an Agent deploy safety checklist to `skills/openquick-deploy/SKILL.md`, refreshed rollback/restore/config/list command references, removed stale no-rollback guidance, and added build-time checklist assertions in `skills/build.sh`.","Ran `skills/build.sh`; package build now fails if the skill omits the deploy safety checklist, dry-run requirement, or targeted doctor requirement.",implemented,passed,,not-needed,not-needed,"Implemented skill-level safety checklist requiring target confirmation, dry-run diff review, doctor, secret/public scan checks, overwrite approval, cleanup reporting, and rollback/restore capture.",gap,SKILL-001,OpenQuick deploy skill,safety-recovery,P2,AI agent deploying a site,An agent can deploy without an explicit checklist for public/IAP/secrets/overwrite risks.,Skill package contains checklist text and reference links; a packaging test verifies the skill includes the checklist.,done
